author,now_price,pre_price,short_title,title
刘川,¥39.50,¥79.00, Vlog短视频创作从新手到高手, Vlog短视频创作从新手到高手 千万级流量博主刘川多年实战总结。 脚本、音效等海量Vlog素材免费赠送。
文之易,¥54.00,¥108.00, ChatGPT实操应用大全（全视频彩色）chatgpt4.0 这就是chatgpt实战 超越想象的chatgpt写作超简, ChatGPT实操应用大全（全视频彩色）chatgpt4.0 这就是chatgpt实战 超越想象的chatgpt写作超简 150集视频、150类场景应用案例。办公、写作、绘画、数据分析、视频音频制作、虚拟数字人等，各类顾问……一分钟搞定！ ChatGPT 4.0 功能一网打尽！
安德鲁·格拉斯纳,¥94.00,¥188.00, 图说深度学习：用可视化方法理解复杂概念, 图说深度学习：用可视化方法理解复杂概念 蟒蛇书同系列续作，大量图解、全彩印刷，降低理解门槛。可在GitHub上免费下载三个奖励章节+勘误表+全书图片
富索索,¥49.50,¥99.00, 剪映真传：88招玩转短视频剪辑, 剪映真传：88招玩转短视频剪辑 全彩印刷 亿级流量博主多年实战经验总结。 抖音百万粉丝创作人视频剪辑技巧和剪辑思维剖析。
James,¥34.00,¥68.00, 张静初推荐 有限与无限的游戏：一个哲学家眼中的竞技世界, 张静初推荐 有限与无限的游戏：一个哲学家眼中的竞技世界 1.改变了凯文·凯利KK一生的书。2.美团网创始人王兴忘情力荐。3.你想做但又停顿的任何事情，都可以从这本书中得到启发，找到答案。
芯智,¥64.50,¥129.00, R语言数据可视化：科技图表绘制, R语言数据可视化：科技图表绘制 教你用R 语言和ggplot 2等多种可视化包绘制引人入胜的专业图表，100个案例，150余幅精美图表的绘制技巧。本书还提供了方便的视频教学、资源文件和数据集，帮助您上机演练习更方便。
吴军,¥69.50,¥139.00, 浪潮之巅 第四版, 浪潮之巅 第四版 数学之美 文明之光 大学之路 见识 态度 全球科技通史作者吴军博士作品 深度剖析信息产业 掌握下一个黄金十年 李开复作序推荐 来自谷歌的方法论 智能时代的行动指南
黄佳,¥39.90,¥79.80, GPT图解 大模型是怎样构建的, GPT图解 大模型是怎样构建的 带你从0到1构建大模型，突破语言奥秘，开启智能未来！深入探索自然语言处理技术的核心原理，结合实战，让你成为AI领域的语言模型构建达人！
斯蒂芬·沃尔弗拉姆,¥29.90,¥59.80, 这就是ChatGPT！揭开AIGC神秘面纱！OpenAI CEO 山姆·阿尔特曼（Sam Altman）强烈推荐！, 这就是ChatGPT！揭开AIGC神秘面纱！OpenAI CEO 山姆·阿尔特曼（Sam Altman）强烈推荐！ OpenAI CEO山姆·阿尔特曼（Sam Altman）强烈推荐，沉浸于神奇AI的海洋，与您一同探寻人工智能无尽可能性，与ChatGPT一同开启对话的奇妙旅程！
杨建华,¥49.90,¥99.80, YOLO目标检测, YOLO目标检测 图文并茂 助你入门目标检测 涵盖众多目标检测框架 源自热销同名掘金小册 附赠源代码和全书彩图
罗伯特,¥59.90,¥119.80, R语言实战（第3版）," R语言实战（第3版） 获30万中文版读者认可与好评的数据分析教程重磅升级，给你入门R的""标准答案""。统计之都秘书长王小宁推荐阅读，有效学习统计分析及数据可视化的方法与技巧。"
曾焱,¥24.90,¥49.80, word excel ppt从入门到精通 23年新版电脑办公软件学习wps office表格制作教程书计算机函数公式应用, word excel ppt从入门到精通 23年新版电脑办公软件学习wps office表格制作教程书计算机函数公式应用 团购电话:4001066666转6，全彩升级版，让你从新手到高手从入门到精通 word文档制作 excel公式与函数高效办公 ppt幻灯片极具说服力 手机扫码随时看教程
鸟哥,¥59.00,¥118.00, 鸟哥的Linux私房菜 基础学习篇 第四版, 鸟哥的Linux私房菜 基础学习篇 第四版 畅销Linux入门书升级版 鸟哥教你从入门到精通 适用Linux系统应用和开发及运维的人员 涵盖linux内核 命令行 嵌入式 Shell与Shell Scripts技巧精粹 基于CentOS 7.x
史蒂芬·普拉达,¥59.00,¥118.00, C++ Primer Plus 第6版 中文版, C++ Primer Plus 第6版 中文版 C++程序设计经典教程，畅销30年的C++大百科全书全新升级，经典C++入门教程十年新版再现，孟岩、高博倾力推荐，赠送价值99元的e读版电子书及在线实验环境，赠送大尺寸全书思维导图，赠199元训练营
姜伟生,¥129.00,¥258.00, 矩阵力量：线性代数全彩图解+微课+Python编程, 矩阵力量：线性代数全彩图解+微课+Python编程 鸢尾花书 从加减乘除到机器学习 Github/知乎数学可视化大神生姜博士作品 硬核品鉴数学之美
严琦,¥49.50,¥99.00, 高效C/C++调试, 高效C/C++调试 一本关于高效调试的实用指南。涵盖调试符号、内存管理机制、Python增强调试器、Core Analyzer和C++20协程。深入挖掘调试的底层原理，从宏观和微观角度深入剖析问题
藤井直弥,¥34.90,¥69.90, Excel最强教科书（完全版）教学视频+全彩印刷+案例文件 电子表格制作教书籍 零基础从入门到精通 函数高级会计数据透视, Excel最强教科书（完全版）教学视频+全彩印刷+案例文件 电子表格制作教书籍 零基础从入门到精通 函数高级会计数据透视 问世两年印刷21次！销量突破27万册！“后悔没有早点知道”的办公秘笈一应俱全，堪称不变的经典，永远的传奇！5小时的工作10秒内即可搞定！
斯图尔特·罗素,¥99.00,¥198.00, 人工智能：现代方法（第4版）（上下册）, 人工智能：现代方法（第4版）（上下册） 系统性总结人工智能的方方面面，国际人工智能领域专家斯图尔特·罗素撰写人工智能百科书，时隔十年重磅更新，被全球全球1500多所学校采用的经典教材
刘汝佳,¥39.90,¥79.80, 算法竞赛入门经典（第2版）, 算法竞赛入门经典（第2版） 连续畅销多年精典算法好书！
Goodfellow,¥84.00,¥168.00, 深度学习 人工智能算法，机器学习奠基之作，AI圣经, 深度学习 人工智能算法，机器学习奠基之作，AI圣经 AI圣经 deep learning中文版 2018年图灵奖获奖者作品 业内人称“花书” 人工智能机器学习深度学习领域奠基性经典畅销书
立石贤吾,¥34.90,¥69.80, 白话深度学习的数学, 白话深度学习的数学 热销IT技术书《白话机器学习的数学》续作！对话形式轻松理解，一本书掌深度学习的基础数学！有趣、易懂、不枯燥的深度学习入门书。Python代码均可下载。
史蒂芬·普拉达,¥54.00,¥108.00, C Primer Plus 第6版 中文版 C语言入门经典教程, C Primer Plus 第6版 中文版 C语言入门经典教程 C语言入门经典教程，畅销30余年的C语言编程入门书籍，近百万程序员的C语言编程启蒙教材，技术大牛案头常备的工具书，被誉为C语言百科全书，购书赠送价值99元的e读版电子书+在线编程环境
方其桂,¥39.90,¥79.80, 中小学C++编程项目学习创意课堂（微课版）, 中小学C++编程项目学习创意课堂（微课版） 青少年编程零基础入门，一线信息技术老师通过50多个项目案例教孩子入门、掌握C++语言编程的方法与技巧。随书配有案例素材、源文件、答案、PPT课件、微课视频等立体化资源，获取地址见书前言二维码。
斋藤康毅,¥34.90,¥69.80, 深度学习入门 基于Python的理论与实现, 深度学习入门 基于Python的理论与实现 人工智能入门学习教程 日本深度学习入门书籍 基于python 3 从零创建一个深度学习模型
埃里克·马瑟斯,¥133.90,¥267.80, Python编程三剑客第3版：Python编程从入门到实践第3版+快速上手第2版+极客项目编程（当当套装共3册）, Python编程三剑客第3版：Python编程从入门到实践第3版+快速上手第2版+极客项目编程（当当套装共3册） Python编程入门好书，自学利器，数据分析、网络爬虫、机器学习、深度学习基础，基于Python 3.11升级，附赠配套视频、源代码、PPT课件、速查地图、学习路线图等资源
Excel精英部落,¥49.90,¥99.80, Excel函数与公式速查宝典教程（视频案例+彩色印刷） word excel ppt wps 办公软件自学教程 办公应用, Excel函数与公式速查宝典教程（视频案例+彩色印刷） word excel ppt wps 办公软件自学教程 办公应用 手机扫码看474节18小时同步视频讲解+362个函数与公式解析+435个行业应用案例，赠37小时Word/Excel/PPT教学视频，Excel速查大全，随查随用
王晓华,¥44.50,¥89.00, 从零开始大模型开发与微调：基于PyTorch与ChatGLM, 从零开始大模型开发与微调：基于PyTorch与ChatGLM 详解大模型基本理论、算法、程序实现与应用实战，揭示大模型开发与微调技术。大模型开发，大模型微调，深度学习入门，PyTorch，ChatGLM，
曾我部东马,¥34.90,¥69.80, 强化学习算法入门实战 机器学习中的分类和回归人工智能丛书 python深度学习机器学习大模型 强化学习的数学原理教程 自, 强化学习算法入门实战 机器学习中的分类和回归人工智能丛书 python深度学习机器学习大模型 强化学习的数学原理教程 自 从“平均值计算”开始的强化学习算法入门书
彦祖,¥24.90,¥49.90, 思维导图速记：计算机基础," 思维导图速记：计算机基础 ""确认键教育""出品，备考2023年计算机基础专升本考试知识点图解，涵盖纲要求的所有知识点，162幅思维导图速记高频考点。"
姜伟生,¥129.00,¥258.00, 统计至简（概率统计全彩图解 + 微课 + Python编程）, 统计至简（概率统计全彩图解 + 微课 + Python编程） 
王天威,¥34.50,¥69.00, 控制之美（卷1）——控制理论从传递函数到状态空间, 控制之美（卷1）——控制理论从传递函数到状态空间 本书的目标是以简单的语言讲述复杂的知识，希望本书可以引起读者对控制理论的兴趣，并掌握控制理论的核心精神所在，为未来深入学习其他相关知识打下基础。同时，本书是一本“实战性”很强的书籍，大部分章节以一个实
程杰,¥59.50,¥119.00, 大话数据结构 溢彩加强版, 大话数据结构 溢彩加强版 超级畅销书彩色升华版，百万读者认可的趣味解读“数据结构+算法”，配合动效PPT课件，动态扫除难点。程杰作品，必属精品。
约翰·拉科斯,¥74.90,¥149.80, 大规模C++软件开发 卷1：过程与架构, 大规模C++软件开发 卷1：过程与架构 全球C++软件开发顾问约翰·拉科斯（John Lakos）新作，大规模C++编程全解，全面展示大规模开发所需的过程、方法、技术和工具。
Marty,¥20.00,¥40.00, 启示录：打造用户喜爱的产品, 启示录：打造用户喜爱的产品 
弗赖伯格,¥17.90,¥39.80, 硅谷之火：人与计算机的未来, 硅谷之火：人与计算机的未来 雷军推荐，激发雷军创业和改变雷军命运的奇书，初步了解计算机发展史的易懂版本，激发你的灵感，加深你的兴趣
姜伟生,¥119.00,¥238.00, 数学要素 全彩图解 + 微课 +Python 编程, 数学要素 全彩图解 + 微课 +Python 编程 Github/知乎数学可视化大神生姜博士全角度拆解“数学要素”。
中国电子学会,¥39.50,¥79.00, Scratch编程入门与算法进阶 第2版, Scratch编程入门与算法进阶 第2版 
韩泽耀,¥34.90,¥69.80, AIGC从入门到实战：ChatGPT+Midjourney+Stable Diffusion+行业应用, AIGC从入门到实战：ChatGPT+Midjourney+Stable Diffusion+行业应用 如何有效应对AI革命？一本书带你深入探究ChatGPT、Midjourney、Stable Diffusion及其他AI工具的妙用！提供具体提问模版，常用AI工具，资源推荐！
理查德·布卢姆,¥64.90,¥129.80, Linux命令行与shell脚本编程大全（第4版）, Linux命令行与shell脚本编程大全（第4版） Linux领域口碑作品再度升级，中文版累计入库10万册，初学读者也能跟着写出自己的Shell脚本，书中丰富示例适用于Linux所有发行版，附赠书示例文件。
赵丹阳,¥39.90,¥79.80, 产品经理方法论 构建完整的产品知识体系, 产品经理方法论 构建完整的产品知识体系 产品经理入门教程书籍，互联网产品运营产品策划教程，详细介绍产品经理需要掌握的大量工具、方法论以及产品知识，工作经验，帮助产品经理建立完善的知识体系。
刘凤飞,¥44.50,¥89.00, 小学生Python创意编程（视频教学版）, 小学生Python创意编程（视频教学版） 本书按照入门开发者的思维方式编写，非常适合孩子学习Python编程的基础知识。语言风趣幽默，讲解细致入微，案例生动有趣，能够让小朋友轻松愉悦地学习Python编程。
户根勤,¥34.90,¥69.80, 网络是怎样连接的, 网络是怎样连接的 计算机网络概论图解趣味版 网络技术基础知识程序员入门进阶教程
天工在线,¥44.90,¥89.80, 中文版 ANSYS Fluent 2022流体分析从入门到精通（实战案例版）流体计算ansys fluent数值计算方法," 中文版 ANSYS Fluent 2022流体分析从入门到精通（实战案例版）流体计算ansys fluent数值计算方法 CAD/CAM/CAE/EDA专家编写,329分钟同步讲解视频+21个实例案例分析+源文件+赠送资源+在线交流"
丁金滨,¥64.50,¥129.00, Origin科技绘图与数据分析, Origin科技绘图与数据分析 Origin科技绘图与数据分析，OriginLab技术服务经理作序推荐，中科院专家编撰，品质保证
布拉德利,¥49.90,¥99.80, Python数据结构与算法分析（第3版）, Python数据结构与算法分析（第3版） 只有洞彻数据结构与算法，才能真正精通Python！热门计算机科学教材，华盛顿大学、北京大学等多家高校采用，让你在代码编写的战场上所向披靡！
胡东锋,¥74.50,¥149.00, Java图解创意编程：从菜鸟到互联网大厂之路, Java图解创意编程：从菜鸟到互联网大厂之路 10位大厂大咖推荐 10个精致项目实践 10万行代码之路
小弗雷德里克·P.布鲁克斯,¥49.00,¥98.00, 人月神话（纪念典藏版）, 人月神话（纪念典藏版） 长销半个世纪的传奇经典，被引频次无出其右的软工神话。缅怀大师布鲁克斯，纪念典藏版，软件开发人员、软件项目经理、系统分析师等IT从业者必藏之软工圣经！
高林旭,¥59.00,¥118.00, 由浅入深学习SAP财务, 由浅入深学习SAP财务 由浅入深学习SAP系统 财务分析 ERP系统 会计 资产 订单 获利分析 15年SAP项目实施和管理经验分享
欧阳鹏程,¥39.50,¥79.00, Python量化交易实战——使用vn.py构建交易系统, Python量化交易实战——使用vn.py构建交易系统 量化交易的入门书籍，抛开书本上枯燥繁杂的知识，用动手实践的方式带你实现属于自己的交易系统！
丹尼斯·罗斯曼,¥49.90,¥99.80, 基于GPT-3、ChatGPT、GPT-4等Transformer架构的自然语言处理, 基于GPT-3、ChatGPT、GPT-4等Transformer架构的自然语言处理 Google 工程总监Antonio Gulli作序推荐！分享Transformer的工作原理和如何利用其解决NLP问题。随书附赠代码、习题答案、附录、参考资料和彩图，扫描封底二维码下载。
罗勇军,¥84.00,¥168.00, 算法竞赛（清华科技大讲堂）, 算法竞赛（清华科技大讲堂） 一本算法竞赛大全，全面深入解析算法专题、数据结构、模板代码。10个专题，330个知识点，102个章节视频讲解。
赵鹏,¥49.00,¥98.00, 毫无PS痕迹（第二版） photoshop2022 ps教程零基础 ps入门 ps教程2022, 毫无PS痕迹（第二版） photoshop2022 ps教程零基础 ps入门 ps教程2022 Photoshop2022新版，配1900分钟视频课精讲，打通选区、通道、蒙版的本质关联，图像处理，摄影后期，UI设计，“ACR+智能对象”实战讲解，Adobe认证PS讲师赵鹏15年呕心力作
武松,¥49.50,¥99.00, SPSS实战与统计思维, SPSS实战与统计思维 附赠全书实例完整数据集和SPSS入门学习视频 大数据方法论风靡全球 统计学应用更上一层楼 SPSS统计分析从入门到精通 统计分析大全 从统计学思维开始 由浅入深 全面系统讲解SPSS实战应用
新镜界,¥44.90,¥89.80, 剪映短视频剪辑从入门到精通（手机版+电脑版）手机短视频剪辑 特效制作 剪映案例教程 抖音快手小红书B站视频剪辑 pr a, 剪映短视频剪辑从入门到精通（手机版+电脑版）手机短视频剪辑 特效制作 剪映案例教程 抖音快手小红书B站视频剪辑 pr a 剪映手机版+剪映电脑版教程 59个精选案例+170分钟操作视频精讲+95个素材视频+58个效果视频，专业摄影大师手把手教你快速学会短视频的专业创作过程
闪客,¥79.00,¥158.00, Linux源码趣读, Linux源码趣读 一线互联网大厂专家闪客带你，解读经典Linux版本源码，深入内核，提升开发和操作系统内核设计能力，深入理解Linux网络张彦飞I码农翻身刘欣等专家力荐
麓山剪辑社,¥39.90,¥79.80, 剪映视频剪辑/调色/特效从入门到精通（手机版+电脑版）, 剪映视频剪辑/调色/特效从入门到精通（手机版+电脑版） 2023新版 剪映手机版+电脑版入门到精通，精选61个抖音、快手典型案例，短视频制作全流程讲解，附赠同步录播课程、114页拓展电子书及素材效果文件。
巴尔加瓦,¥34.90,¥69.80, 算法图解, 算法图解 像小说一样有趣的算法入门书 代码示例基于Python 熟练掌握算法设计与分析
马塞洛·拉·罗卡,¥74.90,¥149.80, 高级算法和数据结构, 高级算法和数据结构 一本关于
羊依军,¥54.90,¥109.90, Excel数据分析方法、技术与案例, Excel数据分析方法、技术与案例 萃取自海量商业数据分析实践，透彻解析Excel的数据分析用法，数据透视表函数公式数据可视化建模，财务、HR、生产、经营管理等实战数据分析模型。
侯捷,¥39.50,¥79.00, STL源码剖析, STL源码剖析 源码之前，了无秘密。大师们的缜密思维、经验结晶、技术思路、独到风格，都原原本本体现在源码之中。
吴光科,¥34.50,¥69.00, Linux虚拟化——原理、方法和实战（KVM+Docker+OpenStack）, Linux虚拟化——原理、方法和实战（KVM+Docker+OpenStack） Linux运维实战专家吴光科团队精心打造，近百位来自百度、阿里、腾讯、京东专家共同打磨，3000分钟视频讲解
史蒂芬,¥44.50,¥89.00, C++ Primer Plus 第6版 中文版习题解答, C++ Primer Plus 第6版 中文版习题解答 经典畅销图书《C++ Primer Plus（第6版）中文版》的学习伴侣，北京师范大学名师详细剖析所有题目，全面提升C++编程能力的优选编程练习册
远藤理平,¥44.90,¥89.80, 14天自造量子计算机（Python版）量子计算与编程入门量子信息 量子计算基础导论 使用薛定谔方程对量子计算机的基本要素, 14天自造量子计算机（Python版）量子计算与编程入门量子信息 量子计算基础导论 使用薛定谔方程对量子计算机的基本要素 用Python编程从零开始搭建量子计算机，了解量子计算机工作原理必须掌握的步骤，详解用于数值计算的算法的推导过程，展示详细的Python实现代码，计算机科学前沿技术类书籍
张冬,¥99.50,¥199.00, 大话存储 新——存储系统底层架构原理极限剖析, 大话存储 新——存储系统底层架构原理极限剖析 存储圣经。
大卫·Q.默茨,¥24.90,¥49.80, Copilot和ChatGPT编程体验：挑战24个正则表达式难题, Copilot和ChatGPT编程体验：挑战24个正则表达式难题 ChatGPT和Copilot对战程序员，鹿死谁手？且看本书解答！
张云鹏,¥84.50,¥169.00, JavaScript修炼之路, JavaScript修炼之路 全面解读JavaScript基础语法及高级应用 ，助力读者开启JavaScript的探索旅程
秦阳,¥34.90,¥69.80, 说服力 工作型PPT该这样做, 说服力 工作型PPT该这样做 别告诉我你懂PPT，和秋叶PPT学办公软件，视频教学教职场小白学现代商务办公PowerPoint幻灯片，快速走上PPT高手之路，搞定PPT设计思维，赠10G PPT素材下载和纸质PPT品控手册。
倪红军,¥49.90,¥99.80, 鸿蒙应用开发零基础入门(微课视频版）, 鸿蒙应用开发零基础入门(微课视频版） 基于的ArkUI JS开发框架和HarmonyOS 3.0应用开发技术，讲解了HarmonyOS应用开发从入门到精通的基础知识和关键技术。
布兜,¥44.50,¥89.00, 收割Offer:互联网大厂面经, 收割Offer:互联网大厂面经 对于后端程序员来说，这是一本让你获得大厂Offer的秘诀和宝典。
刘炎,¥34.00,¥68.00, 游戏架构设计与策划基础（第3版）, 游戏架构设计与策划基础（第3版） 中国电影电视技术学会数字特效与三维动画专业委员会、中国系统仿真学会数字娱乐专业委员会、中国文化创意产业技术创新联盟 推荐教材
文杰书院,¥34.50,¥69.00, Adobe Audition 2022音频编辑基础教程（微课版）, Adobe Audition 2022音频编辑基础教程（微课版） 源自百万读者的选择，汇聚作者20多年的技术精华，原版畅销书全新升级！“图书+微视频课堂+全程学习指导”，为您奉献一套完美学习方案！
刘伟,¥29.50,¥59.00, 人机融合——超越人工智能, 人机融合——超越人工智能 本书内容全面，与智能未来的发展趋势一致，内容丰富，覆盖面广，概括了计算、感知、认知以及洞察智能的思想。
丁盈,¥44.50,¥89.00, 数字孪生系统设计与实践, 数字孪生系统设计与实践 完整呈现数字孪生系统设计的认知探索与实践总结。
荣钦科技,¥44.50,¥89.00, Word文稿之美, Word文稿之美 让你的文档从平凡到出众！Word、数字排版、自动校阅、ChatGPT。清晰的章节结构，从基础知识到高级技巧，系统介绍页面布局、文字建构、样式编修、图文配置、表格与图表排版等。
唯美世界,¥59.00,¥118.00, 中文版 Photoshop 2020 完全案例教程（高清视频+全彩印刷）ps书籍 ps教程 ai教程 ps入门 平面设计, 中文版 Photoshop 2020 完全案例教程（高清视频+全彩印刷）ps书籍 ps教程 ai教程 ps入门 平面设计 畅销70万册“唯美”系列作者全新力作！PS2020新版，310个中小型及综合实例，490集教学视频，涵盖书中所有实例和重要知识点。封面图片全部选自书中案例，原创精美时尚，赠丰富配套及拓展学习资源
弗兰克·瓦斯奎兹,¥79.50,¥159.00, 精通嵌入式Linux编程, 精通嵌入式Linux编程 本书的每一章都介绍嵌入式Linux的一个主要领域。它描述知识背景，以便你可以了解一般原则，它还包括详细的有效示例来说明这些领域中的操作。
刘遄,¥49.90,¥99.90, Linux就该这么学（第2版）, Linux就该这么学（第2版） 刘遄Linux入门教程升级，基于Linux系统RHEL8编写，每章带有大量图表及习题，知识点覆盖红帽认证RHCSA、RHCE、RHCA考试要求，配套站点提供软件、学习资料及答疑服务。
未来科技,¥44.90,¥89.80, HTML5+CSS3+JavaScript从入门到精通（标准版）基础视频讲解与案例实战，8大素材库，源代码配套学习更轻松, HTML5+CSS3+JavaScript从入门到精通（标准版）基础视频讲解与案例实战，8大素材库，源代码配套学习更轻松 10万读者检验 扫一扫随时随地看视频 412节同步视频 661个案例分析 1000习题面试题 4396个案例 47部参考手册 1636个模版 17类素材库 623项配色 508项欣赏库 网页制作 网页
刘杰飞,¥39.90,¥79.80, 自己动手做聊天机器人 chatgpt 人工智能机器学习深度学习实战丛书 机器人建模和控制 智能聊天机器人入门 自然语言处, 自己动手做聊天机器人 chatgpt 人工智能机器学习深度学习实战丛书 机器人建模和控制 智能聊天机器人入门 自然语言处 详细的聊天机器人保姆式实现方案，囊括多种方案与真实应用场景，图文讲解轻松学习
信息学名师工作室,¥38.00,¥76.00, 信息学竞赛入门篇, 信息学竞赛入门篇 本书由全国青少年信息学奥林匹克竞赛金牌教练精心编写而成，书中知识体系完善，内容丰富，并配有真题及详解。本书可作为算法竞赛、全国青少年信息学奥林匹克竞赛NOI等相关比赛的入门教材。
李贵俊,¥39.90,¥79.90, Camunda工作流开发实战——Spring Boot+BPMN+DMN, Camunda工作流开发实战——Spring Boot+BPMN+DMN 本书以基础理论与实战案例的模式，结合当前流行的Spring Framework、Spring Boot等框架，深入浅出地带读者实现简洁、高效的开发。
提图斯·温特斯,¥74.00,¥148.00, Google软件工程, Google软件工程 这本书解释了谷歌做软件工程的方式，讲述了需要考虑的各种权衡。
周峰,¥29.50,¥59.00, 从零开始学Python大数据与量化交易, 从零开始学Python大数据与量化交易 一本书揭示量化交易精髓，新手交易获利更容易。免费赠送所有实例代码。量化交易/Python/Pandas大数据分析包/Matplotlib大数据可视化包/量化选股
智利,¥69.50,¥139.00, C语言入门经典（第6版）, C语言入门经典（第6版） C语言入门从Beginning C开始！著名作家lvor Horton和编程专家German Gonzalez -Morris联袂奉献。
明日科技,¥49.00,¥98.00, Python网络爬虫从入门到实践（全彩版）自动化数据采集，入门知识，项目实践, Python网络爬虫从入门到实践（全彩版）自动化数据采集，入门知识，项目实践 Python3爬虫开发图书（彩色版）：详解自动化获取数据、数据解析、数据清洗、反爬以及数据可视化等知识，125个示例+2个综合案例+1个项目
胡杨,¥49.50,¥99.00, 抖音+剪映+Premiere短视频创作实战（全视频微课版）, 抖音+剪映+Premiere短视频创作实战（全视频微课版） 5篇13个专题，从脚本创作、运镜拍摄到视频剪辑，详述短视频创作的完整流程。配备素材、效果文件、“手机端+电脑端”视频、PPT课件、海量资源。
上野宣,¥98.90,¥197.80, 图解HTTP + 图解TCP/IP + 图解网络硬件（套装共3册，当当）, 图解HTTP + 图解TCP/IP + 图解网络硬件（套装共3册，当当） Web开发工程师参考书目，详解网络传输协议、网络硬件等各种知识，实战性强，解决网络建设工程中的实际问题
谢雪葵,¥49.90,¥99.80, Spark性能优化实战, Spark性能优化实战 资深大数据工程师深入全面介绍Spark性能优化核心技术，350多个示例、20多个综合案例
杜勇,¥39.50,¥79.00, Xilinx FPGA数字信号处理设计——基础版, Xilinx FPGA数字信号处理设计——基础版 
黄小平,¥39.50,¥79.00, 卡尔曼滤波原理及应用——MATLAB仿真（第2版）, 卡尔曼滤波原理及应用——MATLAB仿真（第2版） 
Ernest,¥59.90,¥119.90, 游戏机制——高级游戏设计技术, 游戏机制——高级游戏设计技术 
申志伟,¥64.00,¥128.00, 卫星互联网——构建天地一体化网络新时代, 卫星互联网——构建天地一体化网络新时代 “十四五”时期国家重点出版物出版专项规划项目，邬贺铨院士作序力荐，详解卫星互联网政策、发展态势、体系结构、关键技术、产业和前景
王琦,¥49.90,¥99.90, Easy RL 强化学习教程(, Easy RL 强化学习教程( “蘑菇书”强化机器学习深度学习实战书籍，李宏毅周博磊李科浇热门公开课精选总结，继南瓜书后第2本自学笔记，赠送配套python实现代码 面试题习题答案
杜宽,¥69.00,¥138.00, 云原生Kubernetes全栈架构师实战, 云原生Kubernetes全栈架构师实战 超过60万学员热棒，一线K8s工程师潜心之作，众多业界专家力荐
吴光科,¥34.50,¥69.00, Linux自动化运维实战（Linux开发书系）, Linux自动化运维实战（Linux开发书系） Linux运维实战专家吴光科团队历经三年创作，九次全面升级 近百位来自百度、阿里、腾讯、京东专家共同打磨 百万学员一致好评，十余家媒体一致推荐
桑圆圆,¥29.50,¥59.00, 人工智能从入门到进阶实战, 人工智能从入门到进阶实战 适合青少年的人工智能基础与实践教程，TensorFlow入门，中小学AI入门指南
天工在线,¥44.90,¥89.80, 中文版 UG NX 12.0数控加工从入门到精通实战案例+视频讲解 ug12教程教材 数控编程模具设计 cad从入门到精, 中文版 UG NX 12.0数控加工从入门到精通实战案例+视频讲解 ug12教程教材 数控编程模具设计 cad从入门到精 UG NX数控加工 机械加工实战教材 CAD CAE CAM微视频讲解大系列 手机扫码看120集微视频讲解+实例案例分析，UG数控加工案例视频实战教程
小川雄太郎,¥59.00,¥118.00, PyTorch深度学习模型开发实战 chatgpt聊天机器人 动手学机器学习开发案例实战 pytorch强化学习 图像识, PyTorch深度学习模型开发实战 chatgpt聊天机器人 动手学机器学习开发案例实战 pytorch强化学习 图像识 这不是一本入门书，针对的是深度学习中、高级层次的读者，用案例实践提升深度学习模型的构建能力，用详细的操作过程提升读者的动手能力，更好地理解程序的本质，用通俗易懂的文字解说，让读者学习过程更顺畅。
高雪,¥39.50,¥79.00, 剪映专业版从新手到高手, 剪映专业版从新手到高手 全彩印刷 超值附送72个视频，时长达145分钟，扫码即可直接观看。
任媛媛,¥34.90,¥69.80, 中文版Premiere Pro 2023入门教程, 中文版Premiere Pro 2023入门教程 Premiere pro 2023新版讲解，功能讲解+课堂案例+课后习题+综合案例，从基础讲解以案例为主线，附赠全书素材文件，教学视频及PPT课件。
蒂姆·拉夫加登,¥34.90,¥69.80, 算法详解 卷3 贪心算法和动态规划, 算法详解 卷3 贪心算法和动态规划 《算法详解》四部曲第三卷，详细讲解算法理念，展现算法本质，一本囊括基本算法知识的详解指南，集哥伦比亚大学教授多年教学经验，深入浅出，通俗易懂。
偷懒的技术,¥44.90,¥89.80, PPT表达力：从Excel到PPT完美展示（案例 视频）不要让糟糕的设计毁了数据—从excel表格到ppt数据可视化 p, PPT表达力：从Excel到PPT完美展示（案例 视频）不要让糟糕的设计毁了数据—从excel表格到ppt数据可视化 p 实现从Excel数据到PPT的可视化分析
弗莱彻·邓恩,¥99.50,¥199.00, 3D数学基础：图形和游戏开发（第2版）, 3D数学基础：图形和游戏开发（第2版） 新版全新升级，内容更加全面！从游戏中了解数学知识，提升开发技能。从数学中掌握世界的模拟方式，全新感受3D数学、三维空间的几何和代数这些具有生命力的知识！
唯美世界,¥64.00,¥128.00, 中文版Adobe Illustrator 2022完全案例教程（微课视频版）ai教程书籍教材 平面设计与制作 illus," 中文版Adobe Illustrator 2022完全案例教程（微课视频版）ai教程书籍教材 平面设计与制作 illus Illustrator2022新版Adobe专家编写，手机扫码看243集视频,赠配套实例素材、设计素材、设计宝典、速查手册、PPT课件、PS基础视频、CorelDRAW基础视频"
Feff,¥34.90,¥69.80, 用户故事地图, 用户故事地图 
明日科技,¥39.90,¥79.80, Python算法设计与分析从入门到精通, Python算法设计与分析从入门到精通 112个算法实例+136集Python零基础扫盲课，零基础入门，主流算法，全面解析，实例丰富，快速提升，一本书破解面试难题+编程压力。
成刚,¥44.50,¥89.00, Wi-Fi 7开发参考：技术原理、标准和应用, Wi-Fi 7开发参考：技术原理、标准和应用 
符剑,¥64.00,¥128.00, PDMC三维流程工厂设计完全手册：AutoCAD Plant 3D + Autodesk Inventor + Navi, PDMC三维流程工厂设计完全手册：AutoCAD Plant 3D + Autodesk Inventor + Navi 三维流程工厂实用设计技巧和工具，有效提高设计效率
唯美,¥64.00,¥128.00, ae书籍中文版After Effects 2022从入门到精通（微课视频全彩版唯美世界）短视频剪辑教程 影视后期特效 A, ae书籍中文版After Effects 2022从入门到精通（微课视频全彩版唯美世界）短视频剪辑教程 影视后期特效 A 135集同步视频+78个实例案例讲解，手机扫码看视频+在线交流，百万加读者喜爱的唯美系列，视频后期处理/特效制作/视频剪辑，赠Premiere基础视频+PS基础视频
Delip,¥34.00,¥68.00, 基于PyTorch的自然语言处理, 基于PyTorch的自然语言处理 这是一本应用PyTorch探索自然语言处理和深度学习很棒的书。
张益珲,¥49.00,¥98.00, 循序渐进Vue.js 3.x前端开发实战, 循序渐进Vue.js 3.x前端开发实战 百万阅读博主，大前端架构师，畅销书作者，Vue全家桶与周边工具整合开发不传之秘。
李仁钟,¥29.50,¥59.00, R语言数据分析从入门到实战, R语言数据分析从入门到实战 使用简单的R语言，应用于机器学习、数据分析、文本分析、推荐系统等领域，培养编写程序的能力。
黄小平,¥39.50,¥79.00, 目标定位跟踪原理及应用——MATLAB仿真, 目标定位跟踪原理及应用——MATLAB仿真 
CAE技术联盟,¥49.90,¥99.80, AutoCAD 2022中文版家具设计从入门到精通, AutoCAD 2022中文版家具设计从入门到精通 百万工程师的选择，69集同步微视频，45个经典实例，3个综合演练，6套设计图集，7部速查手册
鲸鱼飞机,¥39.90,¥79.80, 半小时漫画学Python 看漫画学Python，超简单 python编程入门书 python数据分析 零基础学pytho, 半小时漫画学Python 看漫画学Python，超简单 python编程入门书 python数据分析 零基础学pytho Python编程入门书籍，用生动有趣的漫画引导读者零基础学Python编程语言，掌握用Python 3进行统计、数据处理与数据分析的技术。边看漫画边学Python，高效、好玩、有趣。
明日科技,¥49.00,¥98.00, Python OpenCV 从入门到实践（全彩版）, Python OpenCV 从入门到实践（全彩版） 
吴灿铭,¥44.50,¥89.00, 图解算法：C++语言实现+视频教学版, 图解算法：C++语言实现+视频教学版 零负担理解数据结构及其算法的设计，零基础也能快速上手编程。C++，数据结构，算法，图解算法，查找，排序，数据，链表，队列，树，图
郭书,¥39.90,¥79.80, 中文版Photoshop平面广告设计实战案例解析, 中文版Photoshop平面广告设计实战案例解析 10大行业的实际应用，25个精美实用案例，100多个素材文件和效果文件，180多分钟的教学视频，让你从设计理念到操作步骤“吃透”每一个实例！
3dtotal,¥54.00,¥108.00, Procreate数字绘画从入门到精通：角色设计篇, Procreate数字绘画从入门到精通：角色设计篇 来自3dtotal出版社的iPad手绘指南 详尽的Procreate角色设计数字绘画教程 8位世界一流CG绘画大师 60页Procreate基础入门指导 Procreate APP使用基础
唯美世界,¥49.90,¥99.80, 中文版Cinema 4D R21从入门到精通（微课视频全彩版）c4d r21 c4d教程入门到精通 c4d完全自学教程, 中文版Cinema 4D R21从入门到精通（微课视频全彩版）c4d r21 c4d教程入门到精通 c4d完全自学教程 畅销70册唯美系列作者全新力作！157集视频+121个实例+配套源文件+实例素材+海量配套资源，三维建模+渲染+电商广告+影视动画+CG游戏+特效，Adobe专家手把手教学C4D
杜军,¥24.50,¥49.00, 数控宏程序编程手册, 数控宏程序编程手册 
博蓄诚品,¥34.50,¥69.00, Excel高效商务办公一本通, Excel高效商务办公一本通 Excel从入门到精通，表格制作+数据分析+数据处理+图表展示，海量学习资源
毛彤,¥49.50,¥99.00, 抖音+剪映+Premiere短视频制作从新手到高手（第2版）, 抖音+剪映+Premiere短视频制作从新手到高手（第2版） 全彩印刷 超值附送83个视频，长达220分钟，扫码即可直接观看
吴光科,¥34.50,¥69.00, Linux云计算——Kubernetes实战, Linux云计算——Kubernetes实战 Linux运维实战专家吴光科团队精心打造，近百位来自百度、阿里、腾讯、京东专家共同打磨，3000分钟视频讲解
叶哲语,¥29.50,¥59.00, 我跟爸爸学编程：从Python到C++, 我跟爸爸学编程：从Python到C++ 从初中生的视角讲解Python和C++两种语言
特雷弗·哈斯蒂,¥79.50,¥159.00, 统计学习要素：机器学习中的数据挖掘、推断与预测（第2版）, 统计学习要素：机器学习中的数据挖掘、推断与预测（第2版） 三位统计学家高屋建瓴，面向非统计专业的读者介绍重要的统计学概念，而非纯数学理论，借助于一个通用概念框架，阐述多个学科的重要思想 比如医学、生物学、金融学和营销
安筱鹏,¥39.50,¥79.00, 重构：数字化转型的逻辑, 重构：数字化转型的逻辑 
网络安全技术联盟,¥39.90,¥79.80, 网络安全与攻防入门很轻松（实战超值版）, 网络安全与攻防入门很轻松（实战超值版） 网络安全实用手册，一线网络安全技术联盟多年实战经验倾心打造、配套同步微视频、精美教学PPT课件和海量资源。
Ralph,¥39.50,¥79.00, 数据仓库工具箱(第3版)——维度建模权威指南, 数据仓库工具箱(第3版)——维度建模权威指南 维度建模技术、模式和实践，14个案例涉及零售业、电子商务、客户关系管理、采购、库存、订单管理、会计、人力资源、金融服务、医疗卫生、保险、教育、电信和运输等
唯美世界,¥64.00,¥128.00, 中文版Premiere Pro 2023从入门到实战（全程视频全两册）用pr比剪映更专业 pr入门教材书籍 短视频剪辑教, 中文版Premiere Pro 2023从入门到实战（全程视频全两册）用pr比剪映更专业 pr入门教材书籍 短视频剪辑教 AE后期专业搭档，影视片头、影视特效、短视频、Vlog视频剪辑专业工具，扫码看167集教学视频讲解+119个实例案例，赠AE+PS+3ds Max基础视频+丰富资源，在线答疑
安德鲁,¥99.00,¥198.00, Head First C#（第四版）, Head First C#（第四版） C#和.NET Core实用编程学习指南，重视大脑的学习指南。
陆小风,¥59.00,¥118.00, 计算机底层的秘密, 计算机底层的秘密 计算机底层的秘密-限量签名版
马少平,¥44.90,¥89.80, 艾博士：深入浅出人工智能, 艾博士：深入浅出人工智能 概念准确，通俗易懂，知识系统；有微课视频和科普公众号帮助读者提高理解能力
英国DK公司,¥64.00,¥128.00, DK图解计算机科学 儿童STEM创新思维培养, DK图解计算机科学 儿童STEM创新思维培养 本书用图画方式深入计算机“内部”，帮助孩子掌握计算机的基本工作原理，学会用计算机解决生活中的小问题、小麻烦。
李永华,¥39.50,¥79.00, 鸿蒙App案例开发实战——生活应用与游戏开发30例, 鸿蒙App案例开发实战——生活应用与游戏开发30例 鸿蒙操作系统技术开发与具体应用 全面涵盖场景构思、系统设计、工程实现等创新实践
丁向民,¥39.50,¥79.00, CCF CSP第一轮认证一本通, CCF CSP第一轮认证一本通 针对历年真题提供详细的分析，针对考试大纲提供丰富的练习，针对考试内容提供详尽的讲解。
成生辉,¥49.00,¥98.00, Web 3.0（具有颠覆性与重大机遇的第三代互联网）, Web 3.0（具有颠覆性与重大机遇的第三代互联网） 从科学技术的角度认识Web 3.0：元宇宙、区块链、DAO、NFT、智能合约、代币、3D技术
曹化宇,¥44.90,¥89.80, Excel+Python轻松掌握数据分析, Excel+Python轻松掌握数据分析 Excel、Python与数据库数据分析实战指南，灵活搭配使用三大主流数据分析工具，贴近实际职场的应用案例，附赠源代码及彩图文件，提升数据分析能力。
李佳芮,¥59.50,¥119.00, Chatbot从0到1（第2版）：对话式交互实践指南, Chatbot从0到1（第2版）：对话式交互实践指南 探索大模型应用、对话式AI的奥秘！陆奇、韦青、王小川等行业专家一致力荐！
曹鉴华,¥34.50,¥69.00, 数据荒岛求生——从Excel数据分析到Python数据分析 数据可视化 数据之道 数据治理 数据中台 大数据分析 数据建, 数据荒岛求生——从Excel数据分析到Python数据分析 数据可视化 数据之道 数据治理 数据中台 大数据分析 数据建 本书对比Excel数据分析来学习编码，实现Python数据分析，通过实战案例，全面、系统地讲解了数据分析的基础、两种数据分析方法的区别和应用方法。
David,¥84.00,¥168.00, Logic Pro X 10.4 音频编辑高级教程, Logic Pro X 10.4 音频编辑高级教程 Apple官方授权指定培训教材，超强大的专业音乐制作教程
Victor,¥69.00,¥138.00, CG造型基础与创作·进阶篇, CG造型基础与创作·进阶篇 
张伟楠,¥44.90,¥89.80, 动手学机器学习, 动手学机器学习 上海交通大学ACM班创办人俞勇教授团队编写，
武松,¥59.00,¥118.00, 预测模型实战：基于R、SPSS和Stata（新时代·技术新未来）, 预测模型实战：基于R、SPSS和Stata（新时代·技术新未来） 全面拆解临床预测模型知识体系；真实案例一镜到底，助您充分掌握预测模型全流程；不仅讲授方法，更注重经验总结，扫除疑难杂症；从统计小白到领域精英，厘清思路，注重实战，解决问题
王岩,¥49.50,¥99.00, DaVinci Resolve 18 达芬奇视频剪辑与调色, DaVinci Resolve 18 达芬奇视频剪辑与调色 案例的操作步骤中穿插了大量扩展知识和相关技巧，全面讲解了DaVinci Resolve的各项功能。
西村泰洋,¥34.90,¥69.80, 完全图解云计算云服务工作原理 通信技术计算机科普书 分布式服务 云计算概念入门 云服务器架构 云计算安全 云计算与大数据, 完全图解云计算云服务工作原理 通信技术计算机科普书 分布式服务 云计算概念入门 云服务器架构 云计算安全 云计算与大数据 从构建技术、驱动技术和安全等层面来解释云计算！涵盖过去、现在、未来的IT技术发展和具体示例！介绍实际业务应用场景中的发展动态和前沿动向！重点讲解商务人士开展业务需要的知识！
王非,¥44.00,¥88.00, Mugeda零代码可视化H5设计实战, Mugeda零代码可视化H5设计实战 Mugeda（木疙瘩）推荐设计师倾力打造，H5设计从构思到发布一本通，随书赠送教学课件、案例的素材文件、教学视频和思维宝典。教材服务QQ:1815317009
科波特,¥34.50,¥69.00, Linux设备驱动程序（第三版）, Linux设备驱动程序（第三版） Linux社区的领导者经典著作，畅销不衰的Linux开发精粹。累计印刷25次，销量逾80000册。
米格尔·莫拉莱斯,¥69.50,¥139.00, 深度强化学习图解, 深度强化学习图解 强化学习入门书，AIGC 的技术秘密，奇妙解释复杂的RL概念。结合大量案例和应用程序，图文并茂指导你构建深度学习体系。
明日科技,¥39.90,¥79.80, Python OpenCV从入门到精通, Python OpenCV从入门到精通 130个应用实例+1个行业项目案例+136集Python零基础扫盲课，零基础入门+范例导学+项目实战，30天成为计算机视觉开发高手。
闫磊,¥44.50,¥89.00, 地理信息系统Arcgis 从基础到实践 视频案例教学arcgis 10.7编程开发GIS技术开发完全自学教材 大数据地理, 地理信息系统Arcgis 从基础到实践 视频案例教学arcgis 10.7编程开发GIS技术开发完全自学教材 大数据地理 ArcGIS 10.7*教程，163个配套操作视频，99个工具详细讲解，众多案例和打印工具
杨卓凡,¥39.50,¥79.00, 数字产业新赛道, 数字产业新赛道 
亚历克斯,¥49.00,¥98.00, React学习手册（第二版）, React学习手册（第二版） 本书涵盖状态管理、React 路由、测试和服务器端渲染，不仅介绍基础知识，还将进行实战演练。
唯美世界,¥64.00,¥128.00, 中文版3ds Max2023从入门到精通微课视频全彩版唯美 Autodesk 3dmax标准教材教程书籍 3dsmax三, 中文版3ds Max2023从入门到精通微课视频全彩版唯美 Autodesk 3dmax标准教材教程书籍 3dsmax三 3dsmax专家委员升级作品，211集视频，139个实例教学，三维建模效果图制作建筑设计模型设计影视特效CG动画游戏完全自学教程
李挺,¥54.90,¥109.80, Python办公自动化从入门到精通, Python办公自动化从入门到精通 Python编程快速上手，让你的Excel、Word、PDF、PPT飞起来；书课一体，立体化教学，有效提升办公效率。
赛哲生物视觉团队,¥39.00,¥78.00, 生命科学插图从入门到精通——Adobe Illustrator使用技巧（没有精美的图画，怎样让别人一目了然且赏心悦目地理, 生命科学插图从入门到精通——Adobe Illustrator使用技巧（没有精美的图画，怎样让别人一目了然且赏心悦目地理 
俞勇,¥17.50,¥35.00, ACM国际大学生程序设计竞赛：知识与入门, ACM国际大学生程序设计竞赛：知识与入门 
增井敏克,¥31.00,¥69.00, 图解数据科学：手把手教你挖掘数据的隐藏价值, 图解数据科学：手把手教你挖掘数据的隐藏价值 基础解说+案例图解+要点提炼+实战指导！数据时代的案头书，用直观的插图，讲透数据科学的基础知识、处理方法，以及如何结合人工智能。
天工在线,¥44.90,¥89.80, 中文版SOLIDWORKS 2020从入门到精通 实战案例+视频讲解 solidworks二次开发solidworks有, 中文版SOLIDWORKS 2020从入门到精通 实战案例+视频讲解 solidworks二次开发solidworks有 2020新版！畅销书升级！手机扫码看900分钟同步视频+70个实例分析+12大行业应用案例+70页电子书，赠全书实例源文件，基础知识+中小实例+综合案例
秋叶,¥34.90,¥69.80, 秒懂AI设计：人人都能成为设计高手, 秒懂AI设计：人人都能成为设计高手 
王鹏,¥84.00,¥168.00, 数字孪生驱动的战场复杂电磁环境建模与仿真, 数字孪生驱动的战场复杂电磁环境建模与仿真 
天工在线,¥44.90,¥89.80, 中文版MATLAB Simulink 2022系统仿真从入门到精通（实战案例版）Simulink系统建模 simulin, 中文版MATLAB Simulink 2022系统仿真从入门到精通（实战案例版）Simulink系统建模 simulin CAD/CAM/CAE/EDA专家编写，290分钟同步讲解视频+126个实例案例分析+源文件+赠送资源+在线交流
网络安全技术联盟,¥39.90,¥79.80, Web安全与攻防实战从新手到高手（微课超值版）, Web安全与攻防实战从新手到高手（微课超值版） Web安全实用手册，一线网络安全技术联盟多年实战经验倾心打造、配套同步微视频、精美教学PPT课件和海量资源。
钱慎一,¥29.90,¥59.80, Ubuntu Linux操作系统标准教程（实战微课版）, Ubuntu Linux操作系统标准教程（实战微课版） 教学课件+教案文档+学习视频+素材资源+在线答疑+互助交流
新镜界,¥44.90,¥89.80, 手机短视频策划、拍摄、剪辑、运营从入门到精通 Vlog变现直播带货从入门到精通 剪映短视频剪辑教程 短视频编辑与制作 创, 手机短视频策划、拍摄、剪辑、运营从入门到精通 Vlog变现直播带货从入门到精通 剪映短视频剪辑教程 短视频编辑与制作 创 内容策划/视频拍摄/视频频辑/账号运营/商业变现五大模块十大环节，千聊特约讲师摄影师助你打通短视频创业的层层关卡
吴灿铭,¥34.50,¥69.00, 图解算法：使用C++, 图解算法：使用C++ 一本轻量级的图解算法图书是你获得程序设计新技能、提升自我价值的较好投资
吴凌飞,¥89.40,¥178.80, 图神经网络：基础、前沿与应用, 图神经网络：基础、前沿与应用 图神经网络GNN城堡书重磅上市，GNN领域专家学者吴凌飞、裴健、崔鹏、赵亮联合编撰，清华大学教授、中科院院士张钹作序推荐，众多大咖联袂推荐
王维波,¥59.90,¥119.80, STM32Cube高效开发教程（基础篇）, STM32Cube高效开发教程（基础篇） STM嵌入式系统开发教程，系统性地介绍STM32的HAL库开发，附赠示例源代码、示例运行演示视频和课件，STM32应用开发者入门到进阶参考书籍。
Vinny,¥60.00,¥120.00, 狩猎网络罪犯——黑客视角的开源情报实战, 狩猎网络罪犯——黑客视角的开源情报实战 黑客视角的开源情报实战
陈恒,¥49.90,¥99.80, SSM + Spring Boot + Vue.js 3全栈开发从入门到实战（微课视频版）, SSM + Spring Boot + Vue.js 3全栈开发从入门到实战（微课视频版） （1）内容系统全面 （2）精心设计大量实例和案例。 （3）配套资源丰富。
王进,¥34.50,¥69.00, 华为HCIA-Datacom认证实验指南 华为HCIA认证备考指南 华为hcia学习指南 华为数通认证考试自学教材 网络, 华为HCIA-Datacom认证实验指南 华为HCIA认证备考指南 华为hcia学习指南 华为数通认证考试自学教材 网络 华为HCIA认证备考手册，涵盖版HCIA-Datacom考试认证内容。 以企业需求为导向，精简理论，技能为主。 配备知识点及实验授课视频，在线交流。
艾伦·哈珀,¥64.00,¥128.00, 灰帽黑客(第5版), 灰帽黑客(第5版) 新版增加13章内容，分析敌方当前的武器、技能和战术，提供切实有效的补救措施、案例研究和可部署的测试实验，揭示黑客们如何获取访问权限、攻击网络设备、编写和注入恶意代码及侵占Web应用程序和浏览器。
盛少,¥44.50,¥89.00, Midjourney人工智能绘画从入门到精通, Midjourney人工智能绘画从入门到精通 AI绘画操作技巧+落地方案+组合应用完全自学教程重新定义你的能力边界
吴光科,¥34.50,¥69.00, Linux企业高性能架构实战, Linux企业高性能架构实战 三年创作，九次升级，百万学员好评，十余家媒体推荐 近百位来自百度、阿里、腾讯、京东专家共同打磨 Linux运维实战专家吴光科团队精心打造
罗伯特,¥24.50,¥49.00, 代码整洁之道 程序员的职业素养, 代码整洁之道 程序员的职业素养 代码整洁之道Clean Code姐妹篇 编程大师40余年心得体会 阐释软件工艺中的原理 技术 工具和实践 助力专业软件开发人员具备令人敬佩的职业素养
芒努斯·利·海特兰德,¥54.00,¥108.00, Python基础教程（第3版·修订版）, Python基础教程（第3版·修订版） 
刘兴禄,¥64.00,¥128.00, 运筹优化常用模型、算法及案例实战——Python+Java实现, 运筹优化常用模型、算法及案例实战——Python+Java实现 主要讲述运筹优化领域常用的数学模型、精确算法以及相应的代码实现。
斯科特,¥29.00,¥58.00, 基于R语言的机器学习, 基于R语言的机器学习 
张优优,¥64.00,¥128.00, 做C4D Cinema 4D电商视觉设计教程, 做C4D Cinema 4D电商视觉设计教程 电商Banner常用元素 场景搭建、电商产品建模、逼真渲染技巧、电商画面构图法则、三维长图制作 轻松掌握C4D电商视觉设计 赠送83个实战案例演示视频和254个素材源文件
穆罕默德·埃尔根迪,¥64.00,¥128.00, 深度学习计算机视觉, 深度学习计算机视觉 计算机如何“理解”它所“看到”的东西?本书试图将深度学习应用于计算机视觉以回答该问题。随书赠送源代码和附录，获取地址见书封底二维码。
日本Ank软件技术公司,¥39.90,¥79.80, 图解TCP/IP网络知识轻松入门, 图解TCP/IP网络知识轻松入门 图解概念一清二楚，零基础学习网络的入门书；原版书销量突破700000册。
李昕,¥44.50,¥89.00, SPSS 28.0 统计分析从入门到精通（升级版）, SPSS 28.0 统计分析从入门到精通（升级版） 
刘凤飞,¥54.50,¥109.00, 小学生Scratch创意编程（视频教学版）, 小学生Scratch创意编程（视频教学版） 学习编程，从Scratch开始！小学生、少儿编程、Scratch编程、图形化。过逐步讲解超级简单的软件模块化脚本，本书从零基础切入，引导读者一步步掌握编程思维和技巧。书中配套的视频教程使学习
宋义平,¥34.50,¥69.00, 零基础掌握学术提示工程（新时代学术进阶丛书）, 零基础掌握学术提示工程（新时代学术进阶丛书） 好的问题胜过好的答案借助提示工程提升学术研究效率从初级到进阶讲透20种提示词模型公式+场景+示例+调试
吴军,¥54.50,¥109.00, 计算之魂 （《数学之美》《浪潮之巅》等畅销书作者吴军博士新作）, 计算之魂 （《数学之美》《浪潮之巅》等畅销书作者吴军博士新作） 数学之美姊妹篇，吴军科技领域重磅新作，李国杰院士郑纬民院士作序推荐，快手宿华拼多多陈磊倾情推荐，名企面试题算法题讲透计算思维
范煜,¥49.50,¥99.00, 人工智能与ChatGPT（新时代·科技新物种）, 人工智能与ChatGPT（新时代·科技新物种） 一本书全面掌握ChatGPT，既有向ChatGPT提问的技巧， 也有构建自己的ChatGPT模型的方法，涵盖开发背景、关联技术、使用方法、应用形式、实用案例等
王树义,¥29.90,¥59.90, ChatGPT与AIGC工具入门实战指南 用AI提高办公学习效率！ChatGPT与AIGC生产力工具实践 智慧共生, ChatGPT与AIGC工具入门实战指南 用AI提高办公学习效率！ChatGPT与AIGC生产力工具实践 智慧共生 ChatGPT和AIGC入门实战，小米科技联合创立人王川作序推荐，人人都能用好人工智能AIGC工具，丰富的实践案例，有效提升工作、学习、生活效率！
啊哈磊,¥29.90,¥59.80, 啊哈！算法, 啊哈！算法 算法入门书 算法导论学习指南 ACM和信息学竞赛备考宝典 一本轻松玩转算法和数据结构的超萌书 奥赛教练 微软亚洲研究院小伙伴啊哈磊埋头苦干的作品
樊胜民,¥49.50,¥99.00, 网络运维从入门到精通——29个实践项目详解, 网络运维从入门到精通——29个实践项目详解 
邵云蛟,¥39.50,¥79.00, PPT设计思维：教你又好又快搞定幻灯片（第2版）（全彩印刷）, PPT设计思维：教你又好又快搞定幻灯片（第2版）（全彩印刷） 畅销书升级版，《PPT知识图谱》作者作品，被万千知友收藏的“旁门左道”PPT设计经验，拒绝炫耀技巧，只求又好又快地搞定幻灯片
柳伟卫,¥44.50,¥89.00, 鸿蒙HarmonyOS应用开发入门, 鸿蒙HarmonyOS应用开发入门 一线架构师教你彻底掌握HarmonyOS应用开发。量范例与项目，阅读本书，读者能够学以致用，掌握开发实际应用程序的技能。本书基础与示例相结合，按照边讲边练的思路组织内容。
刘铁猛,¥22.50,¥45.00, 深入浅出 WPF, 深入浅出 WPF 
朱文伟,¥44.50,¥89.00, 嵌入式Linux驱动开发实践, 嵌入式Linux驱动开发实践 详解嵌入式Linux驱动开发和设备端系统构建 实战I2C驱动和SPI驱动开发。嵌入式Linux驱动开发，嵌入式Linux，I2C驱动开发，SPI驱动开发
国本温子,¥44.90,¥89.80, Excel VBA与宏最强教科书(完全版) 教学视频+全彩印刷+案例文件 电子表格制作教书籍 零基础从入门到精通 函数高, Excel VBA与宏最强教科书(完全版) 教学视频+全彩印刷+案例文件 电子表格制作教书籍 零基础从入门到精通 函数高 想学Excel VBA？看点有用的！130个好用的Excel VBA办公场景常用技巧，效率提升不只一点点！
国忠金,¥24.50,¥49.00, 零基础学数学建模, 零基础学数学建模 一线知名专家执笔，理论实践并重
朱文伟,¥39.50,¥79.00, OpenCV 4.5计算机视觉开发实战：基于Python, OpenCV 4.5计算机视觉开发实战：基于Python 解析OpenCV图像与视频处理技术，实战停车场车牌识别、物体识别、运动跟踪、人脸检测案例
胡坤,¥34.50,¥69.00, ANSYS Fluent二次开发指南, ANSYS Fluent二次开发指南 流沙老师教你学FLUENT二次开发，快速掌握：UDF程序设计、用户界面定制、流程封装！
刘兵,¥44.90,¥89.80, Web前端开发 HTML5+CSS3+JavaScript+Vue.js+jQuery 网页设计 网页制作 网站建设自学, Web前端开发 HTML5+CSS3+JavaScript+Vue.js+jQuery 网页设计 网页制作 网站建设自学 名师力作、彩色印刷，手机扫码看272集（52小时）同步视频讲解+235个实例源码分析+16个综合实验+2个项目实战+30个思维导图，手把手教你轻松学会Web前端开发，赠课后习题及答案等。
刘汝佳,¥59.00,¥118.00, 算法竞赛入门经典——训练指南, 算法竞赛入门经典——训练指南 刘汝佳经典著作2021升级版，ACM/ICPC/NOI/NOIP竞赛备考红宝书，206道竞赛真题+394道分类练习，信息学奥赛+面试算法+程序开发算法。
安德鲁·凯尼格,¥24.50,¥49.00, C 陷阱与缺陷, C 陷阱与缺陷 c语言的“四书五经”之首，全球畅销30余年，中文版累销10万+册，ACCU主席Francis Glassborow倾力推荐，C++沉思录作者力作，C和指针、C专家编程系列
毕嵘,¥39.00,¥78.00, 极简时间管理：4倍效率实操方法，轻松实现“开挂”人生, 极简时间管理：4倍效率实操方法，轻松实现“开挂”人生 从时间拖延、时间焦虑，到实现时间自由、掌控人生。 秋叶大叔、知名品牌人黄欢等大咖推崇备至的时间管理法。
天工在线,¥44.90,¥89.80, 中文版AutoCAD2022从入门到精通 cad基础教程cad教材自学cad/cam/cae机械设计室内设计建筑设计电气, 中文版AutoCAD2022从入门到精通 cad基础教程cad教材自学cad/cam/cae机械设计室内设计建筑设计电气 
小甲鱼,¥44.50,¥89.00, 零基础入门学习Python（第2版）-微课视频版, 零基础入门学习Python（第2版）-微课视频版 Python 3.7编程轻松入门 小甲鱼畅销图书 实例贯穿全书 30小时视频讲解 轻松学会Python 累计销售13万册
克里斯蒂安·多明斯基,¥58.00,¥129.00, 可视化指南：数据分析与数据交互, 可视化指南：数据分析与数据交互 全面、专业的数据可视化宝典，利用可视化、交互和自动计算，从海量而复杂的数据中生成洞察力；图灵奖获得者理查德·汉明、中国可视化专委会委员黄鑫等大咖诚挚推荐。
天工在线,¥44.90,¥89.80, 中文版MATLAB2022从入门到精通 实战案例视频教程版 matlab数学建模 matlab信号处理 工程绘图程序设计, 中文版MATLAB2022从入门到精通 实战案例视频教程版 matlab数学建模 matlab信号处理 工程绘图程序设计 MATLAB入门畅销经典 586分钟同步视频讲解413个实例案例分析 赠送7个大型工程案例+全书实例源文件，立体化教学 零基础快速入门
乔·门德斯·莫雷拉,¥39.50,¥79.00, 数据分析——统计、描述、预测与应用, 数据分析——统计、描述、预测与应用 知名学者联袂编著，畅销全球的数据分析经典教材！系统论述数据分析原则和方法的学习指南！
本·斯蒂芬森,¥24.90,¥49.80, Python编程练习与解答, Python编程练习与解答 Python入门书，精选186道涵盖各学科和日常生活的实用练习题，帮助程序员扎实掌握基础知识，提高编程技能。
张通,¥18.40,¥36.80, AIGC妙笔生花 口袋里的人工智能 人工智能知识启蒙科普读物 AIGC Chatgpt核心技术 大数据 广东科技, AIGC妙笔生花 口袋里的人工智能 人工智能知识启蒙科普读物 AIGC Chatgpt核心技术 大数据 广东科技 承?AI?之智，生幻化之美；绘五彩斑斓，谱未来乐章。
程罡,¥44.50,¥89.00, 乐高机械结构设计, 乐高机械结构设计 精选6大类100多款乐高机械结构设计作品，案例涉及齿轮机构、连杆机构、传动机构、机械手、变速箱和综合装配等类别。支持扫码观看成品视频演示和案例详细搭建步骤图
左凤鸣,¥39.90,¥79.80, C++少儿编程轻松学 写给中小学生的零基础教程, C++少儿编程轻松学 写给中小学生的零基础教程 
陈明明,¥29.90,¥59.80, ChatGPT高效提问教程 人人都是提示工程师 AIGC时代应学习的生存技能！, ChatGPT高效提问教程 人人都是提示工程师 AIGC时代应学习的生存技能！ 解锁ChatGPT的无限潜能，发挥ChatGPT的全部潜力，展示如何构建高质量的提示指令，有效掌握提示技术，成为与AI交流的高手，快速提高工作效率。
仿真联盟,¥49.90,¥99.80, ANSYS Workbench中文版超级学习手册, ANSYS Workbench中文版超级学习手册 基于ANSYS Workbench 2022进行讲解，内容覆盖各种应用场景，工程实例丰富，提供配套素材+配套视频+彩图文件，边学边练，轻松学会WORKBENCH仿真技术。
王六平,¥44.50,¥89.00, PID控制系统设计——使用MATLAB和Simulink仿真与分析, PID控制系统设计——使用MATLAB和Simulink仿真与分析 本书适合学生、研究者和工业实践者学习PID控制系统的设计和实现；同时涉及无人机PID控制，包括多旋翼无人机的数学模型、无人机的控制策略、无人机PID控制器的自动整定、无人机的增益调度PID控制器和无人
李传钊,¥44.00,¥88.00, 深入浅出OpenHarmony——架构、内核、驱动及应用开发全栈, 深入浅出OpenHarmony——架构、内核、驱动及应用开发全栈 OpenHarmony官方、HarmonyOS官方、华为鸿蒙开发者社区联合推荐，高级软件工程师李传钊老师作品，鸿蒙操作系统、鸿蒙应用、鸿蒙开发
杨迅,¥24.50,¥49.00, 数据中心暖通系统运维, 数据中心暖通系统运维 基础打得牢，运维搞得好
孙桂萍,¥39.90,¥79.80, 中文版After Effects影视后期特效设计实战案例解析, 中文版After Effects影视后期特效设计实战案例解析 9大行业的实际应用、27个精美实用案例、190多个素材文件和效果文件、近200分钟的教学视频，以“设计思路+配色方案+版面构图+操作思路+操作步骤”方式编排。
弗兰茨·兰辛格,¥59.00,¥118.00, Unity 2D游戏开发, Unity 2D游戏开发 四十多年经典游戏的制作人，化繁为简，循序渐进；手把手带您快乐地制造快乐，深入游戏开发的殿堂。作者网站包含了大量彩色的插图以及相关的源代码和视频讲解。
张朝明,¥74.50,¥149.00, 深入浅出Go语言核心编程, 深入浅出Go语言核心编程 Go语言关键特性、设计哲学、场景示例与项目实践全接触，资深开发人带你探究 Go语言的本质。Go、Golang、Go语言编程、Go教程
姜增如,¥39.50,¥79.00, 控制系统建模与仿真——基于MATLAB/Simulink的分析与实现, 控制系统建模与仿真——基于MATLAB/Simulink的分析与实现 控制系统建模|MATLAB编程|Simulink仿真 清华大学|北京航空航天大学|北京理工大学|北京自动化学会 知名专家联袂推荐
龙飞,¥49.00,¥98.00, 人工智能AI摄影与后期修图从小白到高手：Midjourney+Photoshop, 人工智能AI摄影与后期修图从小白到高手：Midjourney+Photoshop AI摄影绘画与后期修图从小白到高手：Midjourney+Photoshop，教你玩转人工智能！
CAE技术联盟,¥44.90,¥89.80, AutoCAD 2024中文版从入门到精通（标准版）, AutoCAD 2024中文版从入门到精通（标准版） 百万工程师的选择，126集同步微视频，87个经典实例，7大综合演练，6套设计图集，7部速查手册
中国电子学会,¥32.50,¥65.00, 智能硬件项目教程——基于Arduino（第2版）, 智能硬件项目教程——基于Arduino（第2版） 
言有三,¥79.50,¥159.00, 深度学习之图像识别：核心算法与实战案例（全彩版）, 深度学习之图像识别：核心算法与实战案例（全彩版） 知名专家8年深度学习算法研究心得和实践经验，中科院、阿里达摩院等机构4位大咖力荐
White,¥74.00,¥148.00, Hadoop权威指南：大数据的存储与分析（第4版）, Hadoop权威指南：大数据的存储与分析（第4版） 引领大数据与云计算，为读者创造巨大价值的高端技术类畅销书，累计销量超过10万册
李鸿君,¥99.50,¥199.00, 大话软件工程——需求分析与软件设计, 大话软件工程——需求分析与软件设计 架构师、需求工程师、项目经理、B端设计人员书
卢西亚诺,¥69.50,¥139.00, 流畅的Python, 流畅的Python 【图灵程序设计丛书】PSF研究员 知名PyCon演讲者心血之作 全面深入 对Python语言关键特性剖析到位 兼顾Python 3和Python 2
保罗·奥兰德,¥64.90,¥129.80, 程序员数学 用Python学透线性代数和微积分, 程序员数学 用Python学透线性代数和微积分 500余幅图片+300余个练习，图文结合，边学边练，通过写代码，重新发现数学之美，提供配套源代码和本书彩色图片下载
麻省理工科技评论,¥49.50,¥99.00, 科技之巅3 麻省理工科技评论 100项全球突破性技术深度剖析, 科技之巅3 麻省理工科技评论 100项全球突破性技术深度剖析 源自MIT的科技创新预言圣经 智能时代的黑科技进化论 科技创业投资行动指南 MITTR官方解读AI、机器人、能源材料、生物医疗、基因等技术，季维智、TomMitchell、徐文伟等重磅解读与推荐
杨阳,¥27.50,¥55.00, Word/Excel/PPT办公应用从入门到精通, Word/Excel/PPT办公应用从入门到精通 办公应用三合一，专门为初学者量身定做。以图解办公实务案例为基础，深入浅出、直观形象地讲解了三大办公软件的基本操作以及繁琐命令快捷化的实用技巧。让你轻松实现高效办公，短时间内轻松成为商务办公能手。
梅磊,¥39.50,¥79.00, ChatGPT大模型：技术场景与商业应用（新时代·科技新物种）, ChatGPT大模型：技术场景与商业应用（新时代·科技新物种） 全方位剖析ChatGPT应用场景，多角度挖掘大模型内在价值；深度解读大模型底层架构，展现多模态模型发展趋势；大模型产业格局初步形成，MaaS商业新生态加快落地；大模型深入渗透多个领域，企业加快布局以抢
张永刚,¥49.00,¥98.00, AI降临：ChatGPT实战与商业变现, AI降临：ChatGPT实战与商业变现 ChatGPT助力掘金，一个人的超级团队时代来临！
明日科技,¥44.90,¥89.80, C++从入门到精通（第5版）, C++从入门到精通（第5版） C++入门经典，销售12年，50万C++程序员、数百所高校的选择，97集微课视频+178个应用示例+122个编程训练+53个实践练习+项目案例+海量开发资源库+在线答疑
明日科技,¥49.90,¥99.80, C#从入门到精通（第7版）, C#从入门到精通（第7版） C#入门经典，18万C#程序员的入行选择。配备升级版C#开发资源库，在线答疑，学习1小时，训练10小时，从入门到项目上线，打造全新学习生态。
长沙卓应教育咨询有限公司,¥54.50,¥109.00, HCIP-Datacom认证实验指南 2023华为数通认证实验手册华为HCIP路由与交换技术hcipdatacom云计算, HCIP-Datacom认证实验指南 2023华为数通认证实验手册华为HCIP路由与交换技术hcipdatacom云计算 华为最新HCIP认证备考手册，涵盖最新版HCIP-Datacom考试认证内容 以企业需求为导向，精简理论，技能为主，配备知识点及实验授课视频，在线交流
龙飞,¥39.00,¥78.00, 剪映短视频剪辑从入门到精通：调色+特效+字幕+配音, 剪映短视频剪辑从入门到精通：调色+特效+字幕+配音 影视剪辑技巧 视频拍摄 视频制作 卡点配音 音频处理 后期特效 滤镜调色 转场 字幕 分屏
猴子·数据分析学院,¥49.50,¥99.00, 数据分析思维：分析方法和业务知识, 数据分析思维：分析方法和业务知识 数据分析思维：AI时代的通用能力，升职加薪的高维武器！
晁岳攀,¥79.00,¥158.00, 深入理解Go并发编程：从原理到实践，看这本就够了, 深入理解Go并发编程：从原理到实践，看这本就够了 深入理解Go并发编程：从原理到实践，看这本就够了
安晓辉,¥34.90,¥69.80, ChatGPT写作超简单, ChatGPT写作超简单 64例开箱即用的提示模版，22种高频复用的写作任务+案例，16万关注者的知乎三个话题优秀答主教你如何使用写作神器ChatGPT，让你的写作不再困难！
天工在线,¥44.90,¥89.80, 中文版EPLAN P8 2022电气设计从入门到精通（实战案例版）eplan书籍 电气工程师书籍电气自动化书籍 epla, 中文版EPLAN P8 2022电气设计从入门到精通（实战案例版）eplan书籍 电气工程师书籍电气自动化书籍 epla CAD/CAM/CAE微视频讲解大系专家教程260分钟同步讲解视频+110个实例案例分析+赠送资源+在线交流
斋藤康毅,¥64.90,¥129.80, 深度学习入门2：自制框架," 深度学习入门2：自制框架 ""鱼书""《深度学习入门：基于Python的理论与实现》续作，由浅入深带你从零创建一个深度学习框架，系统认识深度学习，洞察本质，开创未来！"
李宁,¥39.90,¥79.80, AIGC自动化编程：基于ChatGPT和GitHub Copilot, AIGC自动化编程：基于ChatGPT和GitHub Copilot 基于ChatGPT、GitHub Copilot、Claude2、Amazon CodeWhisperer、CodeGeeX，系统介绍如何实现自动化编程，让工作效率逆袭
周玉姣,¥39.90,¥79.80, 调色全面精通：配色方法+照片调色+视频调色+电影调色, 调色全面精通：配色方法+照片调色+视频调色+电影调色 笔者多年电视台视频的调色经验，进行知识提炼，倾心、干货之作;既讲照片调色，又讲视频调色，帮助你全面精通照片与视频的双重调色;书中所有案例，提供了素材、效果和教学视频
鸟哥,¥84.00,¥168.00, 鸟哥的Linux私房菜：服务器架设篇（第三版修订）, 鸟哥的Linux私房菜：服务器架设篇（第三版修订） 探索Linux服务器的无限潜力！作者以系统基础和网络基础为起点，深入浅出地介绍了各种常见服务器的搭建方法。Linux，服务器搭建，网络，系统安全防护
张晓,¥49.00,¥98.00, CST仿真设计理论与实践, CST仿真设计理论与实践 把仿真实例将理论与工程应用紧密结合，针对不同研究方向全面讲解了CST 的仿真技巧。随书附赠教学课件，获取地址见书前言二维码，教材服务QQ：1815317009
史蒂夫.麦康奈尔,¥128.00,¥256.00, 代码大全2 最新中文纪念版 赠全彩检查清单册 软件开发奠基之作编程最佳实用指南, 代码大全2 最新中文纪念版 赠全彩检查清单册 软件开发奠基之作编程最佳实用指南 赠全彩英文剧本+检查清单合计 《软件开发》杂志Jolt大奖。大而全，洞悉软件构建精髓；优而先，兼顾行业实践研究；奠定硬核技术领导力的经典；庸常变身卓越的实用性指导
明日科技,¥29.90,¥59.80, C语言项目开发实战入门（全彩版）, C语言项目开发实战入门（全彩版） 一本能让初学者通过项目实战开发学会编程的超值图书，精选实用项目，让读者体验编程乐趣、获得实战经验，配同步视频教程和源代码，海量资源免费赠送
明日科技,¥44.90,¥89.80, Java从入门到精通（第7版）, Java从入门到精通（第7版） Java入门经典，95万Java程序员的入行选择。配备升级版Java开发资源库，在线大咖课+在线答疑，学习1小时，训练10小时，从入门到项目上线，打造全新学习生态。
凯西·希拉,¥64.00,¥128.00, Head First Java 实战（第三版）, Head First Java 实战（第三版） 畅销10余年，累计销售30万余册，计算机图书十大好书之一
程杰,¥64.50,¥129.00, 大话设计模式【Java溢彩加强版】, 大话设计模式【Java溢彩加强版】 程杰作品。畅销15年的超级IT原创书焕然上市。全彩印刷，JAVA设计模式与面向对象观念同步养成。
Kevin,¥69.00,¥138.00, 失控：全人类的最终命运和结局（修订版）, 失控：全人类的最终命运和结局（修订版） 早阅读一天，就让你在互联网时代先行一步，《失控》互联网时代最重要的著作之一 (修订版增加了25周年序言；进行了勘误）
刘兵,¥44.90,¥89.80, 鸿蒙应用开发从零基础到实战——始于安卓，成于鸿蒙（视频·案例·应用版） HarmonyOS应用开发从入门到精通 安卓华为, 鸿蒙应用开发从零基础到实战——始于安卓，成于鸿蒙（视频·案例·应用版） HarmonyOS应用开发从入门到精通 安卓华为 一本通俗易懂的鸿蒙开发书籍，配有128集同步讲解视频、109个实例源码分析、13个综合实验、3个综合实战案例，助您印证安卓，学习鸿蒙脉络，真正从入门学到项目实战。
爱编程的魏校长,¥44.90,¥89.80, Python青少年趣味编程100例 视频实例教学 零基础学Python入门教程自学教材 少儿趣味编程 小学生趣味编程 教, Python青少年趣味编程100例 视频实例教学 零基础学Python入门教程自学教材 少儿趣味编程 小学生趣味编程 教 Python 青少年趣味编程 100个趣味编程实例630分钟视频讲解兴趣教学AI时代学编程的孩子不会输
谭明奎,¥18.40,¥36.80, 自然语言处理 口袋里的人工智能 人工智能知识启蒙科普读物 Chatgpt核心技术 大数据与智能机器人 机器学习技术 广东, 自然语言处理 口袋里的人工智能 人工智能知识启蒙科普读物 Chatgpt核心技术 大数据与智能机器人 机器学习技术 广东 自然语言处理，让机器学会说话，让人类实现与机器的无障碍沟通！
王斐,¥39.50,¥79.00, 抖音+剪映+Premiere短视频制作从新手到高手, 抖音+剪映+Premiere短视频制作从新手到高手 全彩印刷 超值附送88个视频，长达230分钟，扫码即可直接观看
回航,¥34.90,¥69.80, 从平凡到非凡：PPT设计蜕变 wps office ppt书籍教程教材 ppt设计思维 ppt制作教程 Ppt 秒懂pp, 从平凡到非凡：PPT设计蜕变 wps office ppt书籍教程教材 ppt设计思维 ppt制作教程 Ppt 秒懂pp 
杨维忠,¥59.00,¥118.00, Stata统计分析从入门到精通, Stata统计分析从入门到精通 致力于让Stata的学习 更简单、更实用、更高效
王维波,¥69.90,¥139.80, Qt 6 C++开发指南, Qt 6 C++开发指南 基于Qt 6.2版本，《Qt 5.9 C++开发指南》版本内容重大升级，涵盖新的功能模块和开发技术，附赠大量示例演示程序和示例源代码，轻松开发GUI程序！
宁海涛,¥54.90,¥109.80, 科研论文配图绘制指南 基于Python, 科研论文配图绘制指南 基于Python 科研和学术论文配图的实用利器，Python科研绘图锦囊，100多种绘图方法、200多个绘图源代码、保姆级的配图绘制技巧，快速提升科研效率，增添论文亮点！
小孩子4919,¥49.50,¥99.00, MySQL是怎样运行的 从根儿上理解MySQL, MySQL是怎样运行的 从根儿上理解MySQL 深入剖析MySQL必知必会高性能数据库运行数据分析与数据处理的书籍，采用200多幅图辅助讲解重点内容，提供彩图下载、公众号答疑服务，双色印刷。
塔里克·拉希德,¥39.90,¥79.80, Python神经网络编程, Python神经网络编程 
明日科技,¥44.90,¥89.80, MySQL从入门到精通（第3版）, MySQL从入门到精通（第3版） MySQL入门经典，32万数据库开发人员的入行选择。配备数据库开发资源库+在线答疑，学习1小时，训练10小时，从入门到项目上线，打造全新学习生态。
许建锋,¥54.50,¥109.00, AI绘画：Stable Diffusion从入门到精通, AI绘画：Stable Diffusion从入门到精通 AI绘画大潮来袭，创意触手可及！
文之易,¥39.90,¥79.80, Midjourney从入门到精通书籍 ai绘画 ai设计绘画入门教程书籍 实操midjourney ai提示词设计书 人, Midjourney从入门到精通书籍 ai绘画 ai设计绘画入门教程书籍 实操midjourney ai提示词设计书 人 Midjourney 技术权威指南、14种midjourney AI绘画应用场景、配套视频教学、Midjourney教程、 Midjourney提示词
谭云杰,¥34.00,¥68.00, 大象——Thinking in UML（第二版）, 大象——Thinking in UML（第二版） 
雷波,¥44.00,¥88.00, Midjourney人工智能AI绘画教程：从娱乐到商用, Midjourney人工智能AI绘画教程：从娱乐到商用 人工智能AI绘画教程：从娱乐到商用（AI人工智能绘画教程书 关键词prompt描述语技巧 AIGC绘图插画设计摄影视频制作）
秋叶,¥59.80,¥119.60, 玩转ChatGPT办公：秒懂AI提问+写作 当当套装2册 赠GPT Midjourney使用手册, 玩转ChatGPT办公：秒懂AI提问+写作 当当套装2册 赠GPT Midjourney使用手册 ChatGPT时代，让AI成为你的效率神器，有效掌握AI提问方法，精确下达AI指令，从提问到写作，充分发货GPT威力
安德鲁·特拉斯克,¥49.50,¥99.00, 深度学习图解, 深度学习图解 深度学习是人工智能的一个分支，这本书以有趣的图解方式为你揭开深度学习的神秘面纱
李金明,¥29.90,¥59.80, 中文版Photoshop 2023入门教程, 中文版Photoshop 2023入门教程 Photoshop 2023零基础自学教程，细致功能讲解，配合视频教学及PPT课件，综合实战案例+课后练习，纸电同步电子书免费领取。
冯韬,¥49.90,¥99.80, 与梦境的距离 Terry F的人像摄影灵感与技术, 与梦境的距离 Terry F的人像摄影灵感与技术 （1）观念摄影是摄影＋艺术后期的艺术创作，诞生如游戏原画、艺术品般的摄影作品。 （2）ps后期“手把手”教学，告别傻瓜式修图，掌握修图核心技巧。 （3）摄影核心理念，让你从拍好看到拍大片。 （4）特殊
博蓄诚品,¥64.00,¥128.00, WPS函数与公式速查大全, WPS函数与公式速查大全 双色图解+视频讲解，10余类200+常用函数一网打尽
陈爱军,¥44.50,¥89.00, 深入浅出通信原理, 深入浅出通信原理 通信人家园论坛总点击量800万的神帖 七年磨一剑 被网友称为通信界的《明朝那些事儿》 与《大话通信》《大话无线通信》《大话移动通信》同基础全面的计算机IT学科普及书
卢广京,¥44.00,¥88.00, 无界画师——Midjourney极简入门, 无界画师——Midjourney极简入门 
江礼教,¥44.50,¥89.00, 华为HCIP路由与交换技术实战, 华为HCIP路由与交换技术实战 深入讲解HCIP的关键技术，配有大量示例及实验演示!内容循序渐进，配套丰富学习资源助力快速动手实践
路易斯·G·塞拉诺,¥64.00,¥128.00, 机器学习图解, 机器学习图解 优达学城创始人Sebastian Thrun作序推荐，机器学习布道者、Google和Apple前工程师Luis G. Serrano 倾情分享：以图形的方式讲解机器学习经典算法和技术。
杨维忠,¥54.50,¥109.00, SPSS统计分析从入门到精通（第五版）, SPSS统计分析从入门到精通（第五版） 畅销书 重磅升级 掌握大数据分析工具成就专业高手
迈克尔·亚力山大,¥64.00,¥128.00, 中文版Access 2019宝典(第9版), 中文版Access 2019宝典(第9版) 了解和使用Access 2019的卓越功能，创建和管理Access数据库的全新专享指南。
张益珲,¥44.50,¥89.00, 微信小程序与云开发从入门到实践, 微信小程序与云开发从入门到实践 一线前端架构师倾力打造，小程序全栈开发、基础教程、云开发、微信小程序项目与案例开发
仿真联盟,¥49.90,¥99.80, ANSYS Fluent中文版超级学习手册, ANSYS Fluent中文版超级学习手册 ANSYS Fluent教程书籍2023新版，基础知识+实例讲解+同步视频，仿真联盟编著，附赠案例文件、思维导图、视频课程，快速入门流体力学分析。
唯美世界曹茂鹏,¥49.90,¥99.80, 中文版 Cinema 4D R25 从入门到精通（微课视频全彩版唯美世界）C4D书籍教材新印象 c4d r25 c4d教, 中文版 Cinema 4D R25 从入门到精通（微课视频全彩版唯美世界）C4D书籍教材新印象 c4d r25 c4d教 畅销百万册唯美系列新作专家教程156集视频+122个实例+配套源文件+实例素材+海量配套资源，三维建模+动画渲染+电商广告+影视动画+CG游戏+特效
3dtotal,¥54.00,¥108.00, Procreate数字绘画从入门到精通, Procreate数字绘画从入门到精通 iPad手绘Procreate数字绘画从入门到精通迪斯尼角色设计科幻幻想题材游戏动漫主题手绘技法
唯美世界,¥34.90,¥69.80, Premiere短视频制作教程（案例视频全彩版）用pr比剪映更专业 pr入门教材书籍 短视频剪辑教程从入门到精通 自媒体, Premiere短视频制作教程（案例视频全彩版）用pr比剪映更专业 pr入门教材书籍 短视频剪辑教程从入门到精通 自媒体 专业视频剪辑软件影视片头短视频Vlog视频剪辑专业工具，扫码看300分钟视频讲解+62个实例案例分析，赠62集案例视频教程和素材源文件
吴灿铭,¥24.50,¥49.00, 图解算法：使用C语言, 图解算法：使用C语言 理解零负担，采用功能强大的C语言演绎算法思维
武内觉,¥34.90,¥69.80, Linux是怎样工作的, Linux是怎样工作的 富士通一线Linux内核开发工程师十年经验总结，大量实验程序及198张图解，实验程序使用C和Python编写，直击Linux运行原理，现代计算机操作系统图解趣味版。
天工在线,¥44.90,¥89.80, MATLAB2020从入门到精通实战案例+视频教程 matlab教程matlab数学建模matlab程序设计matlab, MATLAB2020从入门到精通实战案例+视频教程 matlab教程matlab数学建模matlab程序设计matlab 手机扫码看900分钟同步微视频讲解+ 406个实例案例分析，MATLAB入门教程、视频教程、自学教程，赠7大工程应用案例视频及源文件
明日科技,¥49.90,¥99.80, PHP从入门到精通（第6版）, PHP从入门到精通（第6版） PHP入门经典，销售12年，60万PHP程序员、数百所高校的选择，212集微课视频+277个应用示例+61个实践练习+2个项目案例+海量开发资源库+在线答疑
刘洪,¥34.90,¥69.80, 青少年信息学竞赛, 青少年信息学竞赛 一本信息学竞赛初学者入门教材。随书赠送：教学大纲、教学课件、微课视频、案例源代码和思考练习参考答案，获取地址见书前言二维码。教材服务QQ:1815317009
天工在线,¥44.90,¥89.80, UG NX 12.0中文版从入门到精通ug教程ug建模ug模具设计ug12曲面设计钣金草图设计工程图数控编程数控加工ca, UG NX 12.0中文版从入门到精通ug教程ug建模ug模具设计ug12曲面设计钣金草图设计工程图数控编程数控加工ca UG实例视频教程 手机扫码看278节同步教学视频 546页正文内容 90个实战实例分析 12大行业应用案例 188页拓展电子书 基础知识+中小实例+综合案例+视频讲解 零基础工程设计快速入门！
李福林,¥34.50,¥69.00, HuggingFace自然语言处理详解——基于BERT中文模型的任务实战, HuggingFace自然语言处理详解——基于BERT中文模型的任务实战 系统讲解HuggingFace工具集，包括基础知识、实战示例及底层原理 ！内容全面、语言简洁、代码清晰
IT新时代教育,¥34.90,¥69.80, Excel高效办公应用与技巧大全（视频教程+彩色印刷）excel教程办公软件wps谁说菜鸟不会数据分析函数与公式exce, Excel高效办公应用与技巧大全（视频教程+彩色印刷）excel教程办公软件wps谁说菜鸟不会数据分析函数与公式exce 配套同步视频教学 教你10分钟制作出专业报表 熟练使用公式函数、图表、透视表等进行数据分析。赠1000个商用办公模板 电脑入门技能手册 office办公应用快捷速查表
天工在线,¥49.90,¥99.80, cad cam cae完全自学教程中文版Mastercam2022数控加工从入门到精通 实战案例视频版 masterca, cad cam cae完全自学教程中文版Mastercam2022数控加工从入门到精通 实战案例视频版 masterca CAD/CAM/CAE专家编写590分钟同步视频讲解手把手教学+137个实例案例分析+赠送资源+在线服务
新时代教育,¥34.90,¥69.80, wps office办公应用从入门到精通 WPS官方推荐完全自学教程 word ppt excel 函数与公式 办公软件, wps office办公应用从入门到精通 WPS官方推荐完全自学教程 word ppt excel 函数与公式 办公软件 手机扫码看9小时同步视频 WPS官方作序推荐用书，提供2016、2019、MAC版官方软件下载 42个职场Word、Excel、PPT实用案例拿来即用，随书赠2本实物 电脑入门技能手册+快捷键速查手册
米特尼克,¥39.00,¥78.00, 反欺骗的艺术——世界传奇黑客的经历分享, 反欺骗的艺术——世界传奇黑客的经历分享 世界头号黑客米特尼克将功补过的“社交工程学”名作，以一个个侦探故事的形式讲述了积累一生的宝贵亲身经历
韩先超,¥64.00,¥128.00, Kubernetes从入门到DevOps企业应用实战, Kubernetes从入门到DevOps企业应用实战 从0到1，从零开始全面精通Kubernetes，助力企业DevOps应用实践
任鹏举,¥39.50,¥79.00, 片上互连网络——多核／众核处理器关键技术, 片上互连网络——多核／众核处理器关键技术 片上互连网络经典著作，深入解读多核／众核处理器的互连结构
空叶,¥34.90,¥69.90, 人人都能拍大片：手机短视频制作技巧指南, 人人都能拍大片：手机短视频制作技巧指南 手机短视频拍摄+剪辑一本通，短视频快速变现引流，宝妈兼职短视频小白快速上手，构图/运镜/色彩/剪辑，附赠110分钟教学视频。
雷姆兹,¥49.50,¥99.00, 操作系统导论, 操作系统导论 美国知名操作系统教材 紧紧围绕操作系统的三大主题元素--虚拟化 并发和持久性进行讲解
马丁·福勒,¥49.50,¥99.00, 重构 改善既有代码的设计 第2版 平装版, 重构 改善既有代码的设计 第2版 平装版 重构20年 世界软件开发大师MartinFowler的不朽经典 生动阐述重构原理和具体做法 普通程序员进阶到编程高手的修炼秘笈和代码整洁之道
Michael,¥49.90,¥99.90, 架构师修炼之道, 架构师修炼之道 程序员升职加薪跳槽
Nicholas,¥39.00,¥78.00, 数字化生存, 数字化生存 20年前，读它，是科幻书；20年后读它，像历史书。 一本影响千百万人的互联网启蒙经典著作； 一本关于“智能时代”的“说明书”； 预言帝尼葛洛庞帝坦率回应“我有什么地方搞错了吗？”尼葛洛庞帝、胡泳、刘九
AIGC文画学院,¥44.00,¥88.00, ChatGPT AI文案写作从入门到精通, ChatGPT AI文案写作从入门到精通 用ChatGPT进行AI文案写作，大幅度提高你的创作效率
蓝桥杯大赛组委会,¥42.50,¥85.00, 程序设计竞赛专题挑战教程 蓝桥杯官方备赛指南（异步出品）, 程序设计竞赛专题挑战教程 蓝桥杯官方备赛指南（异步出品） 蓝桥杯官方备赛指南！算法编程程序设计软件开发竞赛指导书，覆盖算法竞赛考点，提供在线测评系统，并附赠例题源代码及PPT课件，实现精准备赛、有效刷题！
北见昭子,¥124.70,¥249.50, 最强教科书系列：Excel函数与公式+宏+完全版, 最强教科书系列：Excel函数与公式+宏+完全版 办公场景常用技巧，1-2页包含一个知识点，5分钟消化一个使用技巧，效率提升不只一点点
大卫·马滕斯,¥40.00,¥89.00, 数据科学伦理：概念、技术和警世故事, 数据科学伦理：概念、技术和警世故事 为读者提供真实视角，真正了解数据科学重要的精髓所在；为读者在应用数据科学技术时提供指导和启发性建议，帮助其做出正确判断，规避陷阱。
刘相,¥34.50,¥69.00, 基于全栈中间件的信创实践技术与方法, 基于全栈中间件的信创实践技术与方法 一本关于高效调试的实用指南。聚焦企业在落地信创工作过程中的重点和难点，给出富有建设性的意见和建议的同时，提供了一些行之有效的实践方法和操作步骤。信创实践，信创实践技术与方法，全栈中间件
马特·弗里斯比,¥64.50,¥129.00, JavaScript高级程序设计 第4版, JavaScript高级程序设计 第4版 web前端开发经典教程，JS“红宝书”全新升级，入门+实战，涵盖ECMAScript 2019，提供教学视频+配套编程环境，可直接在线运行随书代码
彭献镇,¥84.00,¥168.00, R语言临床预测模型实战（新时代·技术新未来）, R语言临床预测模型实战（新时代·技术新未来） 10余年R语言医学数据挖掘经验，快速转化成发表SCI的秘诀！全流程讲解临床预测模型构建、评价、验证；50多个案例，逐步深入，手把手教学，拿来即用；提供源程序下载
唐雄燕,¥64.00,¥128.00, 东数西算与算力网络, 东数西算与算力网络 
唯美世界,¥64.00,¥128.00, 中文版After Effects 2023完全案例教程（微课视频版）ae教材教程书籍 after effects短视频剪, 中文版After Effects 2023完全案例教程（微课视频版）ae教材教程书籍 after effects短视频剪 专家教程+216集视频教学+182个实例讲解+配套源文件+实例素材+海量拓展学习资源+在线交流
李海燕,¥44.50,¥89.00, React.js+Node.js+MongoDB企业级全栈开发实践, React.js+Node.js+MongoDB企业级全栈开发实践 详解React.js全家桶及其结合Node.js、MongoDB进行全栈开发的方法 实战企业级应用系统项目开发。React全栈开发，React.js，Node.js，MangoDB
徐炜泓,¥34.50,¥69.00, 游戏设计：深层设计思想与技巧, 游戏设计：深层设计思想与技巧 
洪锦魁,¥84.50,¥169.00, Python王者归来（增强版）, Python王者归来（增强版） 台湾天龙书局科技榜霸榜3年TOP5。全彩印刷。以一敌十的Python全书=Python基础+函数设计+面向对象+计算机视觉+GUI+动画游戏+数据可视化+JSON大数据+Python办公+爬虫+人工智
刘忆智,¥29.90,¥59.80, Linux从入门到精通（第2版）（配光盘）（Linux典藏大系）, Linux从入门到精通（第2版）（配光盘）（Linux典藏大系） 【Linux畅销书！累计18次印刷，畅销6万余册，荣获“读者喜爱的原创IT技术图书奖”，42小时教学视频，提供Ubuntu安装文件，送教学PPT，Linux新手】
李鑫,¥64.90,¥129.90, 中文版Revit 2022完全自学教程, 中文版Revit 2022完全自学教程 Revit 2022新版软件讲解，134个实战练习和3个综合实例、43个软件常见疑难问答，137集980分钟的在线教学视频，还有方便教师教学的PPT课件
明日科技,¥49.50,¥99.00, Python游戏开发快速入门到精通, Python游戏开发快速入门到精通 
郭绍义,¥24.00,¥48.00, Excel完全自学教程（提升职场办公效率的Excel工具箱，轻松实现从新手到高手，从低效办公到高效的转变。）, Excel完全自学教程（提升职场办公效率的Excel工具箱，轻松实现从新手到高手，从低效办公到高效的转变。） 零起步都可以看懂。专业化系统教学、可视化详细讲解。涵盖7大层面：基础操作+图标制作+数据分析+函数统计+实战神技，从实习生到职场精英学习统统有收获。
彭旭光,¥39.90,¥79.80, 从零开始做短视频编导, 从零开始做短视频编导 短视频一本通，编导、拍摄、剪辑、运营完全攻略。练就短视频编+导+剪全能手！赠送视频、素材、效果文件
曾洪飞,¥44.00,¥88.00, 《AutoCAD VBA & VB.NET开发基础与实例教程(附光盘第2版C#版)(光盘1张) 》, 《AutoCAD VBA & VB.NET开发基础与实例教程(附光盘第2版C#版)(光盘1张) 》 
天工在线,¥44.90,¥89.80, AutoCAD 2020从入门到精通CAD视频教程（实战案例版）中文版autocad教材教程书籍 autocad二次开发, AutoCAD 2020从入门到精通CAD视频教程（实战案例版）中文版autocad教材教程书籍 autocad二次开发 2020新版，Autodesk官方认证考试专家编写。手机扫码看120集微视频讲解+158个实例案例分析，cad实战教程/入门教程/视频教程。建筑设计/室内设计/机械设计。
秋叶,¥29.90,¥59.80, 秒懂AI写作：让你轻松成为写作高手, 秒懂AI写作：让你轻松成为写作高手 用AI有效写作，职场应用文、商业营销文案、新媒体写作、调查研究与论文、艺术创作等40多个AI写作案例，场景+方法+公式+总结四大层面，AI让你写得又快又好。
肯·普尔斯,¥79.90,¥159.80, 精通 Power Query," 精通 Power Query Power Query领域的经典之作""猴子书""，420页干货教学，BI佐罗译作，汇集企业实战案例，轻松在Excel和Power BI中实现数据自动化。"
孙英杰,¥49.50,¥99.00, 中文版SketchUp 2022完全实战技术手册, 中文版SketchUp 2022完全实战技术手册 全彩印刷 超值赠送： 138个视频文件，时长近24小时。 大量相关素材文件，容量高达12GB。
安德鲁·S.特南鲍姆,¥69.00,¥138.00, 计算机网络（第6版）, 计算机网络（第6版） 国际计算机网络权威作者Tanenbaum著作，著名译者潘爱民倾力翻译，教辅支持，请联系QQ381844463。
王东,¥34.50,¥69.00, 图解人工智能, 图解人工智能 精美的图文故事、轻松愉快的小视频、丰富的前沿知识，快速提升人工智能基础素养
唯美世界瞿颖建,¥54.00,¥108.00, 中文版Photoshop2022数码照片处理从入门到精通微课视频唯美全彩版 ps入门教程书籍教材 人像摄影精修 风光摄影," 中文版Photoshop2022数码照片处理从入门到精通微课视频唯美全彩版 ps入门教程书籍教材 人像摄影精修 风光摄影 新版本70万册畅销书作者升级力作，2021新版图形图像、视频特效、后期制作一步到位，692集同步视频，356个案例讲解，赠送海量资源，在线交流答疑,方便学习~"
陈浩,¥24.50,¥49.00, 台达PLC编程技术及应用案例, 台达PLC编程技术及应用案例 
段忠杰,¥34.90,¥69.80, 深入浅出算法竞赛（图解版）算法竞赛进阶指南 算法竞赛入门经典 算法竞赛 习题 算法竞赛入门到进阶经典训练指南 ICPC, 深入浅出算法竞赛（图解版）算法竞赛进阶指南 算法竞赛入门经典 算法竞赛 习题 算法竞赛入门到进阶经典训练指南 ICPC 趣味数学应用+经典算法+大量竞赛试题解析，大量浅显易懂的图示剖析解题思路、演绎算法思维
龚超,¥34.90,¥69.80, 人工智能超入门丛书--搜索算法：人工智能如何寻觅最优, 人工智能超入门丛书--搜索算法：人工智能如何寻觅最优 人工智能超入门，全面系统，通俗易懂，小白也能看懂的人工智能入门书
陈佳林,¥74.50,¥149.00, Frida Android SO逆向深入实践, Frida Android SO逆向深入实践 从基础到深入，使用Frida揭示原生App的逆向、分析和破解之奥秘！
肯尼斯·里科,¥49.50,¥99.00, C和指针, C和指针 
李杰,¥54.00,¥108.00, uni-app多端跨平台开发从入门到企业级实战 大量讲解视频 完整实战教程 前端框架 h5网页 Android iOS, uni-app多端跨平台开发从入门到企业级实战 大量讲解视频 完整实战教程 前端框架 h5网页 Android iOS 程序思维之前端框架实战系列 开发者终极跨平台解决方案 uni-app在手，快速交付不愁 前端 小程序 H5网页 Android iOS 快应用开发 企业级点餐应用实战 面试参考手册 微信 支付宝 京东
阿米特·萨哈,¥29.50,¥59.00, Python数学编程, Python数学编程 有趣、生动、实用 高中生也能看得懂的Python编程书 美国亚马逊青少年学计算机编程畅销书 通过编程来探究代数、统计、几何、概率、微积分等数学主题
梅中磊,¥34.50,¥69.00, MATLAB电磁场与微波技术仿真, MATLAB电磁场与微波技术仿真 教学名师作品！MathWorks图书计划！MathWorks Fellow Jim Tung作序！配套畅销理论教材及程序代码！
马克·格雷戈勒,¥114.00,¥228.00, C++20高级编程(第5版)," C++20高级编程(第5版) C++标准委员会主席Herb Sutter大力推荐, C++标准委员会成员Marc Gregoire执笔,知名C++大咖“程序喵大人”领衔翻译。获国内C++社区李建忠、吴咏炜、高博、吴天明等推荐"
我妻幸长,¥44.90,¥89.90, 写给新手的深度学习——用Python学习神经网络和反向传播 chatgpt聊天机器人 图神经网络与深度学习 机器学习实战, 写给新手的深度学习——用Python学习神经网络和反向传播 chatgpt聊天机器人 图神经网络与深度学习 机器学习实战 
谢中华,¥59.50,¥119.00, MATLAB数学建模方法与应用," MATLAB数学建模方法与应用 200多个MATLAB案例+数学建模竞赛真题解析+丰富的配套资源,数学建模竞赛指导教师经验总结"
科尔·努斯鲍默·纳福利克,¥34.90,¥69.80, 用数据讲故事（修订版）, 用数据讲故事（修订版） 
柏先云,¥34.00,¥68.00, 人工智能ChatGPT+Excel办公应用从入门到精通, 人工智能ChatGPT+Excel办公应用从入门到精通 全面揭示ChatGPT与 Excel结合的技术秘笈，技巧详解+示例实操，助您从入门到精通！
向晓汉,¥34.00,¥68.00, 西门子WinCC V7.3组态软件完全精通教程, 西门子WinCC V7.3组态软件完全精通教程 西门子WinCC V7.3组态软件自学宝典
李强,¥44.00,¥88.00, 云作业调度算法, 云作业调度算法 
李航,¥69.00,¥138.00, 机器学习方法, 机器学习方法 
西蒙·蒙克,¥24.90,¥49.80, Python树莓派编程从零开始（第3版）, Python树莓派编程从零开始（第3版） 更新到树莓派4版本，涵盖新的树莓派OS，包含DIY项目实践。 无需编程经验，本书可以帮你在强大的树莓派上创建有新意的程序和有趣的游戏。随书赠送源代码，获取地址见书封底折页二维码。
张轶,¥47.50,¥95.00, MATLAB信号处理——算法、仿真与实现, MATLAB信号处理——算法、仿真与实现 MathWorks图书计划！华中科技大学、武汉大学、大唐移动通信专家联袂推荐！配套程序代码、教学大纲、教学课件、测试习题丰富资源
曾晓宏,¥34.50,¥69.00, 数据中心弱电及消防系统运维, 数据中心弱电及消防系统运维 基础打得牢，运维搞得好
敬伟,¥54.00,¥108.00, Illustrator 2022从入门到精通, Illustrator 2022从入门到精通 敬伟老师 清大文森学堂开课啦！玩转矢量图形设计 全彩印刷 视频精讲 一切从零开始?阶梯渐进学习
Excel精英部落,¥64.00,¥128.00, Excel应用技巧速查宝典（视频案例版 彩色印刷）excel函数与公式应用大全 wps office excel书籍教程, Excel应用技巧速查宝典（视频案例版 彩色印刷）excel函数与公式应用大全 wps office excel书籍教程 手机扫码看581节25小时同步视频讲解+516个Excel技巧解析+343个行业应用案例，赠37小时Word/Excel/PPT教学视频，Excel速查大全，随查随用
赵罘,¥39.90,¥79.80, SOLIDWORKS 2023中文版机械设计从入门到精通, SOLIDWORKS 2023中文版机械设计从入门到精通 SolidWorks 2023新版教程，理论+操作+实际应用，丰富案例教学，同步在线教学视频，机械设计/建模/装配/仿真分析，附赠PPT课件。
吴光科,¥34.50,¥69.00, Linux内核调优——构建高性能的企业服务, Linux内核调优——构建高性能的企业服务 Linux运维实战专家吴光科团队精心打造，近百位来自百度、阿里、腾讯、京东专家共同打磨，3000分钟视频讲解
乔玉晶,¥34.00,¥68.00, 机器人感知系统设计及应用, 机器人感知系统设计及应用 根据机器人所处环境的不同，详细讲解机器人传感系统的设计方法及各类传感器的配置
释慧利,¥44.90,¥89.80, 深入理解分布式共识算法," 深入理解分布式共识算法 涵盖大部分流行的共识算法和分布式事务实现方法,Apache和蚂蚁金服的多位专家等人力荐"
杨维忠,¥59.00,¥118.00, Python机器学习原理与算法实现, Python机器学习原理与算法实现 致力于让掌握Python机器学习应用 更简单、更实用、更高效
罗中赫,¥29.00,¥58.00, ChatGPT：开启智能交互新时代, ChatGPT：开启智能交互新时代 ChatGPT：让你的生活更智能，让你的未来更可期！
冯方向,¥49.50,¥99.00, 多模态深度学习技术基础, 多模态深度学习技术基础 图像语言多模态信息处理已经成为学术和业界的热点和趋势，迄今还没有专业的教材。领域顶级学术会议ACM MM的最佳论文提名作者，十余年多模态信息处理学术研究和工程实践。
周长锁,¥29.00,¥58.00, 欧姆龙PLC编程及应用实例, 欧姆龙PLC编程及应用实例 快速掌握欧姆龙CJ2M系列PLC编程技术
拉朱·甘地,¥64.00,¥128.00, Head First Git 实战（中文版）, Head First Git 实战（中文版） 计算机-编程
方其桂,¥29.90,¥59.80, 小学生C++创意编程 视频教学版, 小学生C++创意编程 视频教学版 
威廉·肖特斯,¥64.50,¥129.00, Linux命令行大全 第2版, Linux命令行大全 第2版 手把手教你学Linux操作系统，脚本shell编程代码书写，系统管理编程运维，学习使用bash（Linux Shell）编写完整的程序。
潘美冰,¥44.50,¥89.00, 让Python遇上Office——从编程入门到自动化办公实践, 让Python遇上Office——从编程入门到自动化办公实践 详解从编程语法到自动化办公，提升办公效率
AIGC文画学院,¥39.00,¥78.00, AI绘画师：电商产品文案+广告＋模特＋视频制作全攻略, AI绘画师：电商产品文案+广告＋模特＋视频制作全攻略 ChatGPT；Midjourney;
张传波,¥34.00,¥68.00, 火球——UML大战需求分析（第二版）," 火球——UML大战需求分析（第二版） UML中国UML认证专家委员会专家、“豆芽儿”CTO张传波老师力作,二十年UML研究及应用经验"
周玉姣,¥29.90,¥59.80, Audition 2022全面精通：录音剪辑+消音变调+配音制作+唱歌后期+案例实战, Audition 2022全面精通：录音剪辑+消音变调+配音制作+唱歌后期+案例实战 一本书全面精通Audition！540多张图片全程图解，170分钟语音教学视频，530多个素材效果奉献，20多个专家指点放送，160多个典型技能案例
秦阳,¥44.90,¥89.90, Word Excel PPT Visio Project高效办公技巧宝典, Word Excel PPT Visio Project高效办公技巧宝典 一本书搞定office五大应用，微软官方作序推荐，Office基础办公+Visio流程图+Project项目管理，视频教学+练习文件+海量模板。
龙飞,¥44.00,¥88.00, Adobe Firefly：AI绘画从入门到精通, Adobe Firefly：AI绘画从入门到精通 人工智能 AI绘画教程书 以文生图、生成填充、文字效果、矢量着色、PS AI工具
郑剑春,¥24.50,¥49.00, 乐高SPIKE Prime入门, 乐高SPIKE Prime入门 乐高新产品：SPIKE Prime科创套装，机器人编程学起来！
罗磊,¥49.00,¥98.00, 科研论文配图设计与制作一本通, 科研论文配图设计与制作一本通 手机扫码，观看视频，300多分钟同步教学视频，演示制作全程；7大热门软件，25个经典案例，即学即会
饭盛英二,¥34.90,¥69.80, 完全图解5G 5G移动通信工作原理 图解5g技术 图解5g工作原理 大话5g时代 图解5G时代商业模式 5g系统技术原理, 完全图解5G 5G移动通信工作原理 图解5g技术 图解5g工作原理 大话5g时代 图解5G时代商业模式 5g系统技术原理 一本书了解第五代移动通信技术的基础结构、关键技术、工作原理和应用场景，了解5G时代生活和商业发生的变化，了解国外使用5G技术的新商业案例，了解5G带来的新商机！
杜亚南,¥64.90,¥129.80, 新印象 Unity 2020游戏开发基础与实战, 新印象 Unity 2020游戏开发基础与实战 Unity游戏开发教程，以技术讲解和项目实战为主，从Unity的基础操作讲解到游戏开发核心技术，丰富实战案例，附赠素材文件、1020分钟案例教学视频及300多分钟C#入门视频。
阿利斯泰尔·克罗尔,¥59.90,¥119.80, 精益数据分析 珍藏版, 精益数据分析 珍藏版 商业数据分析入门书，精益创业运动开创者埃里克·莱斯作序推荐，王诗沐、史凯等大咖联合推荐，用精益数据分析打造符合市场需求的产品！
龙豪杰,¥34.00,¥68.00, Python自动化办公从入门到精通——让Excel、Word、PPT飞起来, Python自动化办公从入门到精通——让Excel、Word、PPT飞起来 配视频讲解，难点直接粉碎！著名Python编程讲师龙豪杰作品
刘安战,¥44.50,¥89.00, HarmonyOS移动应用开发（ArkTS版）, HarmonyOS移动应用开发（ArkTS版） 58个示例源代码，13章教学课件！基于ArkTS语言、采用最新API，系统地介绍HarmonyOS移动应用开发技术
安德里亚斯,¥39.50,¥79.00, Python机器学习基础教程, Python机器学习基础教程 基于Python3的机器学习入门教程 以机器学习算法实践为重点 使用scikit-learn库从头构建机器学习应用 涵盖模型评估调参方法 交差验证网格搜索 管道概念及文本数据处理方法等内容
王红元,¥79.50,¥159.00, Vue.js 3+TypeScript完全指南, Vue.js 3+TypeScript完全指南 资深前端技术大佬coderwhy经验分享，全面介绍Vue.js 3和TypeScript前端开发技术及核心原理，手写Mini-Vue.js 3框架
崔庆才,¥69.90,¥139.80, Python3网络爬虫开发实战 第2版, Python3网络爬虫开发实战 第2版 Python之父推荐的爬虫入门到实战教程书籍，上一版销量近10万册，静觅博客博主崔庆才倾力打造，App端也能爬
蔡荣啸,¥64.00,¥128.00, 信息学奥赛一本通关, 信息学奥赛一本通关 基于少儿编程大背景，提供一条通往初中、高中、大学的上升通道。
矢泽久雄,¥29.90,¥59.80, 计算机是怎样跑起来的, 计算机是怎样跑起来的 计算机网络概论图解趣味版 网络基础知识书籍 菜鸟程序员入门书籍
赖纳·格林,¥64.00,¥128.00, C++ Core Guidelines解析, C++ Core Guidelines解析 现代C++编程Best Practices的共识，C++ Core Guidelines的中文精准导读。C++创始人Bjarne Stroustrup、C++标准委员会主席Herb Sutter倾力推
龙飞,¥29.50,¥59.00, 剪映实用教程（电脑版+手机版）, 剪映实用教程（电脑版+手机版） 扫码看173分钟教学视频；赠送PPT、配套剪辑素材；剪映教程书 影视剪辑技巧 视频拍摄 视频制作 电影解说 音频处理 后期特效 滤镜调色 转场 字幕 分屏
石田保辉,¥44.50,¥89.00, 我的第一本算法书, 我的第一本算法书 人人都能看懂的算法入门书 算法图解彩色版 从零开始趣学算法和数据结构
矢泽久雄,¥29.90,¥59.80, 程序是怎样跑起来的（第3版）, 程序是怎样跑起来的（第3版） 计算机组成原理图解趣味版，蹲马桶便能看懂的计算机和编程原理入门知识，网络是怎样连接的，计算机是怎样跑起来的姊妹篇，日文版重印41次
上野,¥29.90,¥59.80, 图解HTTP, 图解HTTP Web开发工程师参考书目 172张图详解HTTP协议 涉及web安全及新技术动向 HTTP指南 图解TCP/IP图解网络硬件图解机器学习图解密码技术姊妹篇
罗伯特·C,¥49.50,¥99.00, 代码整洁之道, 代码整洁之道 鲍勃大叔作品，程序员，汇聚编程大师数十年编程生涯的心得体会，阐释如何解决软件开发人员、项目经理及软件项目领导们所面临的*棘手的问题; 软件开发领域为数不多的长经典著作
王晓华,¥34.50,¥69.00, PyTorch 2.0深度学习从零开始学, PyTorch 2.0深度学习从零开始学 实战中文情感分类、拼音汉字转化、中文文本分类、拼音汉字翻译、强化学习、语音唤醒、人脸识别
樊胜民,¥24.00,¥48.00, Arduino编程与硬件实现, Arduino编程与硬件实现 Arduino + 电子元器件，软件+硬件 一本掌握
赵春生,¥49.50,¥99.00, PLC结构化文本编程一本通, PLC结构化文本编程一本通 彩色图解+视频讲解，PLC ST/SCL语言编程，支持西门子、三菱等PLC
张益珲,¥39.90,¥79.80, 循序渐进Vue.js 3前端开发实战, 循序渐进Vue.js 3前端开发实战 教你活用Vue.js 3全家桶及周边框架构建商业应用
宋珂,¥39.00,¥78.00, AUTOSAR规范与车用控制器软件开发, AUTOSAR规范与车用控制器软件开发 AUTOSAR规范学习参考用书
明日科技,¥44.90,¥89.80, Python从入门到精通（第3版）, Python从入门到精通（第3版） Python入门经典，26万Python程序员的入行选择。配备升级版Python开发资源库，在线大咖课+在线答疑，学习1小时，训练10小时，从入门到项目上线，打造全新学习生态。
霍春阳,¥59.90,¥119.80, Vue.js设计与实现, Vue.js设计与实现 Vue.js 官方团队成员霍春阳倾力打造，基于 Vue.js 3 深入解析 Vue.js 设计细节，Vue.js 作者尤雨溪作序推荐，本书提供源代码下载。
魏梦舒,¥29.50,¥59.00, 漫画ChatGPT——小灰的AI之旅, 漫画ChatGPT——小灰的AI之旅 
康拉德,¥59.90,¥119.90, Adobe Photoshop 2023经典教程（彩色版）, Adobe Photoshop 2023经典教程（彩色版） Adobe专家编写，官方认证2023新版Photoshop教程，入门讲解+新增功能介绍+实例操作+课后习题，新增读者福利卡，累计发行20年的系列教程。
吕鹏,¥39.90,¥79.80, 计算社会科学导论, 计算社会科学导论 社会科学家的一节人工智能课
戴凤智,¥24.00,¥48.00, 四旋翼无人机的制作与飞行, 四旋翼无人机的制作与飞行 拿下你的首架无人机，无人机操作视频演示，无人机组装详解
白志刚,¥24.00,¥48.00, 自动调节系统解析与PID整定, 自动调节系统解析与PID整定 
金桥,¥34.50,¥69.00, 30天精学Excel 从菜鸟到数据分析高手, 30天精学Excel 从菜鸟到数据分析高手 Excel教程书籍教学函数与公式应用大全，制作图表进行数据分析，数据透视表Excelhome云课堂金桥老师作品，配套同步教学视频，一本书搞定高效办公。
Robert,¥64.90,¥129.80, 算法(第4版), 算法(第4版) 【图灵程序设计丛书】算法领域的经典参考书 众多图例实现图解算法和算法导论 基于Java语言实现算法和数据结构 熟练掌握算法设计与分析
增井敏克,¥39.90,¥79.80, 完全图解网络与信息安全 数据安全 黑客攻防从入门到精通 网络安全攻防技术 数据安全架构设计 一本计算机网络安全相关概念和, 完全图解网络与信息安全 数据安全 黑客攻防从入门到精通 网络安全攻防技术 数据安全架构设计 一本计算机网络安全相关概念和 攻击方式、安全技术、防范对策、组织体制完全图解，全面学习网络与信息安全相关的知识，确保个人和周边的网络信息安全。
卢西亚诺·拉马略,¥99.90,¥199.80, 流畅的Python（第2版）, 流畅的Python（第2版） Python编程好书新升级，基于Python3.10更新与修订。好评如潮的Python进阶指南，第1版中文版累计销量近8万册，带你深入理解Python语言核心特性与底层逻辑！
刘浩,¥49.50,¥99.00, MATLAB R2022a完全自学一本通, MATLAB R2022a完全自学一本通 “完全自学一本通”系列图书畅销15年累计超80万册。已被超过20万MATLAB用户选择为入门书，MathWorks公司推荐用书。
王振丽,¥44.50,¥89.00, Python数据分析与可视化项目实战, Python数据分析与可视化项目实战 Python数据分析与可视化项目实战，全案例呈现，内容丰富实用，读者可以即学即用。扫码看视频，学习更高效。免费赠送案例代码。
MICK,¥39.50,¥79.00, SQL基础教程 第2版, SQL基础教程 第2版 畅销书SQL基础教程全新升级 SQL从入门到精通 SQL必知必会 随书附赠程序示例和习题答案
阿布编程,¥44.50,¥89.00, CPU眼里的C/C++, CPU眼里的C/C++ 用独特的底层视角，重新审视编程的艺术，构建一个涵盖代码、指令、CPU、内存的软、硬件图景。
唯美世界,¥49.90,¥99.80, 中文版Photoshop 2022从入门到精通（微课视频 全彩版）ps入门书籍 PS教程教材 摄影后期 图片后期 调色, 中文版Photoshop 2022从入门到精通（微课视频 全彩版）ps入门书籍 PS教程教材 摄影后期 图片后期 调色 PS2022新版，Adobe专家升级畅销书，手机扫码看421集PS视频教程+配套源文件，赠本书实例素材及其他实用设计素材、各种设计宝典及速查手册、PPT课件等
丹尼尔·索利斯,¥64.50,¥129.00, C#图解教程 第5版, C#图解教程 第5版 长销十余年、数万读者认可的C#入门经典再次更新 全面涵盖C# 6.0和C# 7.0的新增特性 简洁的文字描述并辅以清晰易懂的图示 高效掌握和透彻理解C#语言的不二之选
精英资讯,¥39.90,¥79.80, WPS Office 高效办公从入门到精通（微课视频版）wps教程书籍2023版 AI生成 办公软件自学教材 excel, WPS Office 高效办公从入门到精通（微课视频版）wps教程书籍2023版 AI生成 办公软件自学教材 excel WPS 2023版本+WPS AI+1193分钟同步视频教程+同步学习素材+2000个常用办公模板+WPS二级考试题+3套计算机二级考试模拟试题详解，技能提升与认证考试两不误
刘慧娟,¥49.50,¥99.00, ANSYS Maxwell+Workbench 2021 电机多物理场耦合有限元分析从入门到工程实战, ANSYS Maxwell+Workbench 2021 电机多物理场耦合有限元分析从入门到工程实战 ANSYS Workbench有限元分析从入门到精通
谢文睿,¥29.90,¥59.80, 机器学习公式详解, 机器学习公式详解 人工智能领域中文的开山之作、周志华 西瓜书 机器学习 伴侣书，Datawhale开源协作学习笔记 南瓜书，机器学习初学小白提升数学基础能力的练习书！
罗凯,¥29.90,¥59.80, ChatGPT无限可能：人工智能引领财富升级之路, ChatGPT无限可能：人工智能引领财富升级之路 
清华大学出版社,¥44.90,¥89.80, 算法竞赛入门经典——习题与解答, 算法竞赛入门经典——习题与解答 
许成刚,¥34.00,¥68.00, eNSP网络技术与应用从基础到实战," eNSP网络技术与应用从基础到实战 全程操作视频，技术大牛大阮晓龙老师力作,一站式掌握，立体学习资源，突出工程化训练，轻松脱离业余级别，"
俞志宏,¥39.50,¥79.00, 我在硅谷管芯片：芯片产品线经理生存指南, 我在硅谷管芯片：芯片产品线经理生存指南 是一本详细描述芯片产品线生存指南的好书，作者以自己多年来在美国硅谷管理并参与芯片设计与芯片生产，到芯片的销售和管理以及芯片的升级维护等经历为大家展现了芯片行业的真实情景和实际运作的方法。
11号线人,¥54.50,¥109.00, 大话自动驾驶, 大话自动驾驶 自动驾驶 “百科全书”，全面科普自动驾驶软硬件知识及行业故事，有趣有深度，多位高校学者及业内专家推荐
杨波,¥29.90,¥59.80, Kali Linux渗透测试技术详解, Kali Linux渗透测试技术详解 【涵盖非常广泛！基于非常流行的Kali Linux系统，详解39款专用工具、38个实例，涵盖从安装配置，到信息收集和漏洞扫描及利用，再到权限提升及各种渗透测试等核心技术。信息安全人员】
Scott,¥49.50,¥99.00, Effective Modern C++中文版, Effective Modern C++中文版 
轩辕之风,¥59.00,¥118.00, 趣话计算机底层技术, 趣话计算机底层技术 一趟故事与技术的奇幻之旅。涵盖CPU存储IO操作系统编程安全六大主题。几十个故事之间既有关联让你像追剧一样学技术；也有一定独立性，随时翻开一篇都能有收获
泰克教育集团,¥64.00,¥128.00, HCIE路由交换学习指南, HCIE路由交换学习指南 目前唯1能全面涉及HCIE路由交换各方向知识的书籍
马占凯,¥44.00,¥88.00, ChatGPT：人类新纪元," ChatGPT：人类新纪元 ""搜狗输入法之父""、美团光年首席AGI布道师马占凯重磅新作，零基础也能读懂的ChatGPT入门书，轻松了解AIGC、通用人工智能的发展史，罗永浩、梁宁、戴雨森、王建硕、王玥倾情推荐。"
黄佳,¥44.90,¥89.80, 零基础学机器学习, 零基础学机器学习 人工智能教程籍，深入浅出神经网络与深度学习入门，基于python框架算法，机器学习入门小白书，与小冰一起课堂培训丰富的实战案例赠送全书实例源代码、案例数据集。
杨金升,¥44.50,¥89.00, CANoe开发从入门到精通, CANoe开发从入门到精通 采用*的CANoe 11.0版本，提供源代码及相关资料下载。
赵军,¥49.90,¥99.80, R语言医学数据分析实战, R语言医学数据分析实战 
秦曾昌,¥44.00,¥88.00, 漫话人工智能：从二进制到未来智能社会, 漫话人工智能：从二进制到未来智能社会 入选“科普中国出版创作扶持计划”——超有趣的人工智能科普书，全民AI时代的必修课！手绘插图，全彩印刷，北航教授与你妙侃人工智能的前世今生
张彦,¥34.90,¥69.80, Python青少年趣味编程全彩版 独家配备71集视频教学课程 手机扫码看视频 少儿编程 小学生趣味编程 教孩子学编程 少, Python青少年趣味编程全彩版 独家配备71集视频教学课程 手机扫码看视频 少儿编程 小学生趣味编程 教孩子学编程 少 
熊王,¥49.50,¥99.00, PPT影响力:逻辑思维·设计技法·演讲表达, PPT影响力:逻辑思维·设计技法·演讲表达 同步视频+案例课件+练习素材+作者答疑+海量资源
丁向民,¥29.00,¥58.00, 蓝桥杯 真题分类解析（C/C++版·软件类）, 蓝桥杯 真题分类解析（C/C++版·软件类） 蓝桥真题 帮你走上赛事之巅 分类解析 让你更快荣获国一
AIGC文画学院,¥44.00,¥88.00, ChatGPT+Midjourney AI绘画入门教程, ChatGPT+Midjourney AI绘画入门教程 AI绘画教程ChatGPT+Midjourney
AIGC文画学院,¥44.00,¥88.00, AI绘画师：文案、图片与视频制作从入门到精通, AI绘画师：文案、图片与视频制作从入门到精通 AI；ChatGPT；Midjourney;AIGC;剪映；文心；
阿尔·斯维加特,¥44.50,¥89.00, Python编程快速上手 让繁琐工作自动化 第2版, Python编程快速上手 让繁琐工作自动化 第2版 Python编程从入门到实践姊妹篇，零基础自学Python教程书籍，提供配套同步教学视频、在线编程环境，初版译著豆瓣评分9.6分！针对Python3.X版本更新，海量学习资源随书送
博韦,¥49.00,¥98.00, 深入理解LINUX内核（第三版）, 深入理解LINUX内核（第三版） 为了彻底理解是什么使得Linux能正常运行以及其为何能在各种不同的系统中运行良好，你需要深入研究内核本质的部分。
程晨,¥34.90,¥69.80, 开源鸿蒙（OpenHarmony）嵌入式开发实践, 开源鸿蒙（OpenHarmony）嵌入式开发实践 基于开源大师兄的开源鸿蒙南向开发，实例引入，浅显易懂
彼得·法雷尔,¥54.90,¥109.80, 用Python学数学, 用Python学数学 编程思维与数学思维强强联合，利用Python的可视化方法，基于Python 3代码示例，解决经典的代数、几何、三角、微积分等数学案例，开启程序员的数学与Python的奇幻之旅，全彩印刷。
CAE技术联盟,¥39.90,¥79.80, ABAQUS 2022中文版有限元分析从入门到精通, ABAQUS 2022中文版有限元分析从入门到精通 适用于2024/2022/2020各版，百万工程师的选择，51集同步微视频，15个综合实战案例
悉达多·饶,¥59.90,¥119.80, 21天学通C++（第9版）, 21天学通C++（第9版） 21天系列好书再升级，初学者入门C++编程的优质好书，提供代码示例，操作性强，给自己21天的时间，轻松学习C++编程！
V脸喵,¥44.00,¥88.00, 零基础玩转iPad数码水彩, 零基础玩转iPad数码水彩 Procreate插画入门教程 赠水彩笔刷纸纹 Procreate水彩教程 iPad水彩绘画教程
CAE技术联盟,¥44.90,¥89.80, Ansys Workbench 2022中文版有限元分析从入门到精通, Ansys Workbench 2022中文版有限元分析从入门到精通 适用于2024/2022/2020各版，百万工程师的选择，23集同步微视频，23个经典工程实例，8种常见零部件分析
明日科技,¥49.90,¥99.80, C#从入门到精通（第6版）, C#从入门到精通（第6版） C#入门经典，销售12年，50万C#程序员、数百所高校选择，164集微课视频+236个应用示例+129个编程训练+97个实践练习
张栋,¥44.90,¥89.80, Word最强教科书[完全版] 零基础自学office电脑基础从入门到精通 计算机办公软件快捷操作视频教程书, Word最强教科书[完全版] 零基础自学office电脑基础从入门到精通 计算机办公软件快捷操作视频教程书 想学好Word？看点有用的！系列新成员前来报到，128个超好用的Word办公场景常用技巧，效率提升不只一点点！
王小亦,¥29.50,¥59.00, 短视频文案：创意策划、写作技巧和视觉优化, 短视频文案：创意策划、写作技巧和视觉优化 短视频运营，短视频文案策划、写作技巧全包含，轻松创作爆款短视频文案，打造超高点击量和变现力短视频
刘凤飞,¥44.50,¥89.00, 轻松玩转Scratch 3.0编程（第2版）, 轻松玩转Scratch 3.0编程（第2版） 快快乐乐学编程，编程中培养创新思维，赠送长达410分钟视频讲解
姚舜才,¥44.50,¥89.00, 神经网络与深度学习——基于MATLAB的仿真与实现, 神经网络与深度学习——基于MATLAB的仿真与实现 系统论述神经网络及深度学习的基本理论、方法、技术和MATLAB仿真案例!多位行业知名专家联袂推荐
埃里克,¥49.90,¥99.80, 领域驱动设计 软件核心复杂性应对之道 修订版, 领域驱动设计 软件核心复杂性应对之道 修订版 领域驱动设计 软件核心复杂性应对之道 修订版DDD软件项目开发教程书籍 领域驱动设计实践指南 领域驱动设计与模式实战
里沙尔·赫班斯,¥44.00,¥88.00, 人工智能算法图解, 人工智能算法图解 人工智能初创公司创始人Rishal 帮你入门人工智能算法，只需具备高中数学水平和基础编程知识，两周内实现将人工智能算法嵌入手头项目。
明日科技,¥39.90,¥79.80, C语言从入门到精通（第6版）, C语言从入门到精通（第6版） C语言入门经典，46万C程序员的入门选择。配备升级版C语言开发资源库，在线答疑，学习1小时，训练10小时，从入门到项目上线，打造全新学习生态。
丁金滨,¥69.50,¥139.00, GraphPad Prism科技绘图与数据分析, GraphPad Prism科技绘图与数据分析 GraphPad Prism 软件资深专家教你如何专注于数据中的故事，并创建令人惊叹的图形！
竹下隆史,¥34.50,¥69.00, 图解TCP/IP：第5版【原版畅销36万册！268张图解轻松入门】, 图解TCP/IP：第5版【原版畅销36万册！268张图解轻松入门】 图文并茂的网络管理技术书籍 TCP/IP圣经级教材 图解HTTP 图解网络硬件 图解机器学习 图解密码技术姊妹篇 原版畅销36万册
唯美世界,¥64.00,¥128.00, 中文版Premiere Pro 2023完全案例教程（微课视频版）pr教程教材书籍 premiere短视频剪辑制作教程书, 中文版Premiere Pro 2023完全案例教程（微课视频版）pr教程教材书籍 premiere短视频剪辑制作教程书 专家教程+216集视频教学+182个实例讲解+配套源文件+实例素材+海量拓展学习资源+在线交流
刘林,¥54.50,¥109.00, 数据分析师手记——数据分析72个核心问题精解, 数据分析师手记——数据分析72个核心问题精解 从0到1，系统的基础入门路线图，实战性强，开箱即用
巴拉斯拉姆达,¥34.00,¥68.00, 基于深度学习的生命科学, 基于深度学习的生命科学 本书概述了深度学习在生命科学许多领域的应用，包括在遗传学、药物发现以及医学诊断中的应用
龙飞,¥34.50,¥69.00, 剪映教程：3天成为短视频与Vlog剪辑高手, 剪映教程：3天成为短视频与Vlog剪辑高手 由剪映课程讲师针对20万学员喜欢的后期处理技巧精心讲解，14个专题内容，87个干货技巧，随书赠送30个短视频拍摄与Vlog运镜技巧手册，帮助读者快速成为短视频与Vlog拍摄达人。
张晓,¥44.90,¥89.80, Python编程实战100例 100个编程实例 1390分钟视频讲解 核心编程应用 项目开发 python进阶 pyth, Python编程实战100例 100个编程实例 1390分钟视频讲解 核心编程应用 项目开发 python进阶 pyth 核心编程应用实例 图形界面编程 自动化编程 网络爬虫 数据库开发 多媒体处理 数据分析 人工智能编程
斯蒂芬·詹森,¥79.00,¥158.00, 机器学习在算法交易中的应用第2版 人工智能量化交易 tensorflow pytorch机器学习开发算法交易 系统量化投, 机器学习在算法交易中的应用第2版 人工智能量化交易 tensorflow pytorch机器学习开发算法交易 系统量化投 机器学习和金融投资图书作品，综合阐述机器学习算法在投资和交易领域中的实践应用。通过本书，读者可了解各种实用的机器学习算法，构建自己的预测模型，设计并评估自己的交易策略，更好地为投资和交易服务。
Victor,¥59.00,¥118.00, CG造型基础与创作·入门篇, CG造型基础与创作·入门篇 
唯美世界曹茂鹏,¥64.00,¥128.00, 中文版PremierePro2022 从入门到精通 微课视频全彩版 唯美系列 专业视频剪辑教程 视频特效 Vlog手机短, 中文版PremierePro2022 从入门到精通 微课视频全彩版 唯美系列 专业视频剪辑教程 视频特效 Vlog手机短 100万册畅销书作者升级力作，AE后期专业搭档，影视片头、短视频、Vlog视频剪辑专业工具，扫码看135集微视频讲解+110个实例案例，PR视频教程，资源丰富
欧阳燊,¥74.40,¥148.80, Android Studio开发实战：从零基础到App上线(第3版), Android Studio开发实战：从零基础到App上线(第3版) Android经典畅销书全面升级更新，持续保持同类书畅销榜前列，一线企业内训首推、Android程序员热捧。
刘鹏,¥44.90,¥89.80, 人工智能从小白到大神 chatgpt聊天机器人 美国AAAS院士清华大学智能科学讲席教授张亚勤百度技术委员会理事长陈尚义, 人工智能从小白到大神 chatgpt聊天机器人 美国AAAS院士清华大学智能科学讲席教授张亚勤百度技术委员会理事长陈尚义 中国大数据应用联盟人工智能专家委员会主任、中国信息协会人工智能教育专家委员会主任刘鹏力作！用Python手工打造神经网络，带你彻底学懂和理解AI的原理与本质
中国电子学会,¥49.50,¥99.00, Python编程入门与算法进阶, Python编程入门与算法进阶 Python青少年等级考试程序软件开发教程编程入门，py基础能力训练，电子学会青少年编程考试指定用书，让孩子们轻松学习Python！
曹珂,¥29.50,¥59.00, Qt嵌入式开发实战——从串口通信到JSON通信（微课视频版）," Qt嵌入式开发实战——从串口通信到JSON通信（微课视频版） 硬件接口和应用+Qt开发和串口操作+网络通信和JSON,360分钟视频讲解,配套资源齐全"
宋雪松,¥39.50,¥79.00, 手把手教你学51单片机——C语言版（第2版）, 手把手教你学51单片机——C语言版（第2版） 集理论知识、视频教程、教学课件与技术支持于一体的新形态教材！300多所高校选用、销售100000多册、第四届中国大学出版社优秀畅销书一等奖！
阿斯顿·张,¥42.50,¥85.00, 动手学深度学习, 动手学深度学习 人工智能机器学习深度学习领域重磅教程图书 Amazon科学家作品 交互式实战环境下动手学深度学习的全新模式 原理与实战紧密结合
张栋,¥44.90,¥89.80, PPT最强教科书：[完全版], PPT最强教科书：[完全版] 想学好PPT？看点有用的！热销系列新成员前来报到，123个好用的PPT办公场景常用技巧，效率提升不只一点点！
段小手,¥49.50,¥99.00, 深入浅出Python量化交易实战, 深入浅出Python量化交易实战 你听说了吗？他们已经在用机器割“韭菜”啦！量化交易技术，让股市赚钱不再难。免费提供配套源程序+学习视频。简单易懂，即便是非金融或投资专业的读者也可以看懂
构图君,¥34.90,¥69.80, 剪映：短、中、长视频剪辑全攻略（手机版+电脑版）, 剪映：短、中、长视频剪辑全攻略（手机版+电脑版） 音频+字幕+特效+调色，应有尽有核心基础+短视频+中长视频，逐一攻克方法+技巧，举一反三赠送90+个教学视频赠送全书案例的素材和效果文件
列奥尼达·詹法纳,¥29.90,¥59.80, AI可解释性（Python语言版）, AI可解释性（Python语言版） 通过构建XAI的方法论体系，形成一组工具和方法，从而解释ML模型产生的复杂结果，帮助人们理解ML模型。
鲍里斯切尔尼,¥44.00,¥88.00, TypeScript编程, TypeScript编程 是深入学习TypeScript的不二之选。通过本书可以快速有效地掌握TypeScript的工具和生态系统。
保罗·萨伽德,¥40.00,¥89.00, 机器和生灵：人工智能、动物智慧与人类智识, 机器和生灵：人工智能、动物智慧与人类智识 
埃里克·弗里曼,¥64.00,¥128.00, Head First设计模式（第二版）, Head First设计模式（第二版） 以一种不会让你打瞌睡的方式学会设计原则和模式，去解决软件设计问题，并用模式语言和团队的其他人说话。（经典之作，畅销十余年。版销售20万+册，赠送学习伴侣）
克里斯托弗·纽菲尔德,¥40.00,¥89.00, 定量陷阱：定量分析的数据使用隐患, 定量陷阱：定量分析的数据使用隐患 加州大学洛杉矶分校教授推荐；从科技到人文，多角度探寻定量分析应用何去何从，解读数字时代的“定量陷阱”。
周玉姣,¥49.50,¥99.00, 达芬奇影视调色全面精通：素材剪辑＋高级调色＋视频特效＋后期输出＋案例实战, 达芬奇影视调色全面精通：素材剪辑＋高级调色＋视频特效＋后期输出＋案例实战 抖音热门视频案例，从零开始学会制作；达芬奇调色核心技巧，一本书完全精通！5大模板内容，160多个案例，290多分钟同步操作高清语音视频演示！
西村泰洋,¥34.90,¥69.80, 完全图解服务器工作原理 服务器入门图书 计算机科普书 服务器原理 服务器与系统架构 高性能服务器编程 服务器架设实战 服, 完全图解服务器工作原理 服务器入门图书 计算机科普书 服务器原理 服务器与系统架构 高性能服务器编程 服务器架设实战 服 用图解的形式，从作用、技术架构和应用维护等层面，对服务器相关知识进行全面解说！理解Al、loT、大数据、RPA等技术与服务器的关系!介绍实际业务应用场景中的发展动态和前沿动向！
天工在线,¥44.90,¥89.80, 中文版ANSYS Workbench2021有限元分析从入门到精通视频讲解实战案例版 ansys workbench完全, 中文版ANSYS Workbench2021有限元分析从入门到精通视频讲解实战案例版 ansys workbench完全 CAD/CAM/CAE专家编写328分钟同步微视频讲解，26个实例案例分析案例全流程讲解
刘建国,¥44.90,¥89.80, 知行：技术人的管理之路（第2版）, 知行：技术人的管理之路（第2版） 解锁管理智慧，掌握技术人的成功密码！刘建国新作，技术人做管理全流程操作指南，揭示技术管理者的困惑与挑战，带你踏上成功之路！
袁弋非,¥54.00,¥108.00, 6G无线网络空口关键技术（新时代·技术新未来）, 6G无线网络空口关键技术（新时代·技术新未来） 中国移动专家们的6G新作，有运营商的视野和技术深度，兼贝尔实验室和主流设备厂商的丰富经验，体现业界高水平研究。
方其桂,¥49.50,¥99.00, 思维导图学C++趣味编程, 思维导图学C++趣味编程 中小学C++编程读物，轻松有趣，边玩边学
本杰明·帕金斯,¥59.00,¥118.00, C#入门经典（第9版）, C#入门经典（第9版） 屡获殊荣的C#名著和优秀畅销书，更新至 C# 9.x 和 .NET 5.x。随书赠送源代码和习题答案，获取地址见书封底二维码。
克里斯·里科米尼,¥39.90,¥79.80, 程序员的README, 程序员的README 每名新入行的工程师在开始工作之前要阅读的书！10年+大型公司初级工程师指导经验的行业大咖教你如何开启职业生涯、扩展工作技能、应对糟糕管理，调整工作节奏！
李锐,¥39.90,¥79.90, 跟李锐学Excel数据分析, 跟李锐学Excel数据分析 Excel教程书籍，跟李锐学Excel课程同步图书，讲解Excel数据处理与分析技巧，内容涵盖数据导入、函数公式及数据透视表等，附赠练习文件、讲解视频、电子书及同步课程。
费利克斯,¥44.90,¥89.80, Excel+Python 飞速搞定数据分析与处理, Excel+Python 飞速搞定数据分析与处理 零基础Python编程数据分析，Excel办公自动化处理，手把手教学，告别烦琐公式和VBA代码，办公人士也能轻松学习Python数据处理自动化，让你的Excel快得飞起来！
敬伟,¥49.00,¥98.00, Photoshop 2022从入门到精通, Photoshop 2022从入门到精通 抖音/b站知名人气讲师 文森学堂开课啦！ 火爆全网的“敬伟PS教程”实体书 全彩印刷 视频精讲 从零开始步入PS的奇妙世界
增井敏克,¥39.90,¥79.80, 完全图解编程原理 零基础入门编程程序设计 编程的百科全书编程思想 一本关于编程的专业科普书 涵盖语言特征 网络知识 数据, 完全图解编程原理 零基础入门编程程序设计 编程的百科全书编程思想 一本关于编程的专业科普书 涵盖语言特征 网络知识 数据 什么是编程，程序开发有哪些方法，开发中使用什么工具，程序员是怎么工作的，计算机中数据是怎么处理的，算法是什么，Web基础与网络安全，本书给你答案。
谢文睿,¥44.90,¥89.80, 机器学习公式详解第2版 周志华西瓜书《机器学习》伴侣书南瓜书新版上市！了解人工智能ChatGpt底层数学逻辑！," 机器学习公式详解第2版 周志华西瓜书《机器学习》伴侣书南瓜书新版上市！了解人工智能ChatGpt底层数学逻辑！ 周志华""西瓜书""《机器学习》伴侣书南瓜书新版重磅上市！机器学习初学人工智能小白提升数学基础能力的练习书，Datawhale开源协作学习笔记"
王斐,¥44.00,¥88.00, 手机短视频拍摄技巧+剪辑处理+特效制作+调色字幕从新手到高手, 手机短视频拍摄技巧+剪辑处理+特效制作+调色字幕从新手到高手 全彩印刷 超值附送82个视频，长达150分钟
明日科技,¥44.90,¥89.80, Python树莓派开发从入门到精通, Python树莓派开发从入门到精通 120个应用实例+5个行业项目案例+136集Python零基础扫盲课，零基础入门+范例导学+项目实战，轻松玩转树莓派。
沃伦·桑德,¥59.50,¥119.00, 父与子的编程之旅 与小卡特一起学Python 第3版（全彩印刷）, 父与子的编程之旅 与小卡特一起学Python 第3版（全彩印刷） Python青少年编程启蒙畅销书全新升级，问答式讲解，从孩子的视角展现逻辑思维过程，寓教于乐，趣味游戏与编程知识无缝衔接，全彩印刷
蔡冬冬,¥49.50,¥99.00, 大疆TT教育无人机从入门到精通, 大疆TT教育无人机从入门到精通 涵盖大疆TT无人机的编程飞行 、多机编队、智慧感知、创意拓展、智能航拍等方面，配大量案例和代码
尼克,¥39.50,¥79.00, 人工智能简史 第2版, 人工智能简史 第2版 详解人工智能起源、神经网络、深度学习、自然语言处理、遗传算法，获中华优秀出版物图书奖、吴文俊人工智能科技进步奖，入围央视
中国科学技术出版社,¥31.00,¥69.00, 人工智能治理框架与实施路径 科技发展与治理前沿论丛, 人工智能治理框架与实施路径 科技发展与治理前沿论丛 
苏达哈尔桑·拉维昌迪兰,¥44.90,¥89.80, BERT基础教程：Transformer大模型实战（一本书读懂火出圈的chatgpt！）, BERT基础教程：Transformer大模型实战（一本书读懂火出圈的chatgpt！） 轻松上手NLP领域的里程碑式模型，了解chatgpt聊天机器人，内含200+张示意图，书中示例涵盖文本分类、问答等常见任务，逐步拆解复杂原理，小白也能看懂
李天胜,¥34.90,¥69.80, Python量化交易实战 基本面量化投资策略 量化交易算法之路 量化交易核心技术开发从入门到精通 量化交易从入门到实践, Python量化交易实战 基本面量化投资策略 量化交易算法之路 量化交易核心技术开发从入门到精通 量化交易从入门到实践 凝聚作者15年交易经验，全流程讲解量化交易，大量案例实战，依次击破实践难点，教你快速上手
田民波,¥24.50,¥49.00, 名师讲科技前沿系列--图解芯片技术, 名师讲科技前沿系列--图解芯片技术 打开芯片世界大门的钥匙
明日科技,¥49.90,¥99.80, SQL Server从入门到精通（第5版）, SQL Server从入门到精通（第5版） SQL Server入门经典， 32万数据库开发人员的入行选择。配备数据库开发资源库+在线答疑，学习1小时，训练10小时，从入门到项目上线，打造全新学习生态。
张甜,¥64.50,¥129.00, SPSS统计学原理与实证研究应用精解, SPSS统计学原理与实证研究应用精解 深入掌握SPSS与统计学，开启数据分析之门！全面介绍SPSS软件操作、统计学原理和实证研究应用。从入门知识到数据加工处理、统计分析报表制作，帮助读者轻松掌握数据分析技能。
姚一鸣,¥64.90,¥129.90, 中文版Rhino 7完全自学教程, 中文版Rhino 7完全自学教程 Rhino产品设计、工业设计学习实用图书，900多分钟在线教学视频，68个实战+7个综合实例，全面学习Rhino的各项功能与技术
博蓄诚品,¥39.50,¥79.00, 电脑组装与维修一本通, 电脑组装与维修一本通 电脑硬件选购与组装+系统安装与优化+日常维护与维修，全彩视频图解
奚海蛟,¥29.50,¥59.00, 嵌入式实时操作系统——FreeRTOS原理、架构与开发（微课视频版）, 嵌入式实时操作系统——FreeRTOS原理、架构与开发（微课视频版） NITE指定教材；基于STM32和FreeROTS实时操作系统编写；全面新颖、注重实战、配有视频和课件
周炬,¥54.00,¥108.00, ANSYS Workbench有限元分析实例详解（动力学）, ANSYS Workbench有限元分析实例详解（动力学） 有限元理论和工程实践紧密结合的典范 解决ANSYS Workbench动力学分析实际操作和工程问题数值模拟 模态分析的基础教程 配套资源丰富
龙飞,¥49.00,¥98.00, 剪映视频剪辑从小白到大师（电脑版）, 剪映视频剪辑从小白到大师（电脑版） 一天变高手，vlog剪映教程技巧大全，全书扫码观看260分钟教学视频，68集效果+67个教程
周思阳,¥49.50,¥99.00, 电源芯片建模与应用—基于SIMPLIS的设计实战, 电源芯片建模与应用—基于SIMPLIS的设计实战 
吉姆·布兰迪,¥89.90,¥179.80, Rust程序设计（第2版）, Rust程序设计（第2版） Mozilla创始团队成员、资深系统程序员编写。Rust一本通，基于Rust 2021大版本，全面介绍Rust核心特性。大量案例，附赠源代码，助你成为Rust编程高手！
郭绍义,¥29.00,¥58.00, 零基础玩转AI绘画（手把手教你解锁前沿AI绘画技巧，赠送教学视频）, 零基础玩转AI绘画（手把手教你解锁前沿AI绘画技巧，赠送教学视频） 人人都能读得懂，人人都能学得会，零基础快速上手。内容涵盖广，技法新颖实用，循序渐进，精心编排。五大主题、100余种关键系描述语参考，从入门到实战，一键启动开挂模式。
明日科技,¥49.90,¥99.80, HTML5+CSS3+JavaScript从入门到精通, HTML5+CSS3+JavaScript从入门到精通 百万级畅销书作者新书，42万Web前端程序员的入行选择。配备Web前端开发资源库，在线答疑，学习1小时，训练10小时，从入门到项目上线，打造全新学习生态。
杰瑞德·哈尔彭,¥39.90,¥79.80, Unity 2D游戏开发, Unity 2D游戏开发 使用C#进行独立游戏编程，专注于2D游戏和Unity不断扩展的2D工作流程。 让发现、购买和销售游戏比以往任何时候都容易。
精英资讯,¥44.90,¥89.80, Excel表格制作与数据分析从入门到精通（微课视频版 高效办公）办公软件 数据处理与分析 函数与公式 vba excel, Excel表格制作与数据分析从入门到精通（微课视频版 高效办公）办公软件 数据处理与分析 函数与公式 vba excel 手机扫码看389集微视频讲解，256个行业应用案例，财务市场销售办公人员案头手册！Excel函数公式大全、Excel高效办公。附赠2000个常用模板+1100集Word/Excel/PPT赠送视频。
伊莱·史蒂文斯,¥59.90,¥119.90, PyTorch深度学习实战, PyTorch深度学习实战 PyTorch核心开发者教你用PyTorch创建神经网络和深度学习系统的实践指南，基于Python 3.6及以上的版本编写，提供源代码下载，PyTorch联合创作者作序推荐。
张彦飞,¥59.00,¥118.00, 深入理解Linux网络： 修炼底层内功，掌握高性能原理（配Java、C++实验代码）, 深入理解Linux网络： 修炼底层内功，掌握高性能原理（配Java、C++实验代码） 打造高性能应用的硬核建议，高频工程实践问题解决方案，助你清扫性能误区，探寻底层原理，应对校招、社招、晋升考核，用底层内功对抗中年焦虑。腾讯、小米等技术专家齐赞
结城浩,¥133.40,¥266.80, 程序员的数学系列（套装共4册）(图灵出品), 程序员的数学系列（套装共4册）(图灵出品) 机器学习、数据挖掘、模式识别基础知识，热销书程序员的数学系列套装，IT计算机编程基础数据教程书籍，掌握编程所需的基础数学知识和数学思维
昝辉,¥94.00,¥188.00, SEO实战密码——60天网站流量提高20倍（第4版）, SEO实战密码——60天网站流量提高20倍（第4版） SEO行业专家Zac经典作品全新改版全面升级
罗勇军,¥29.90,¥59.80, 算法竞赛入门到进阶 ACM-ICPC、CCPC、中学NOI竞赛培训指南与知识点详解（附精讲视频）, 算法竞赛入门到进阶 ACM-ICPC、CCPC、中学NOI竞赛培训指南与知识点详解（附精讲视频） 120分钟视频讲解，讲解竞赛所常用的知识点，以及如何把知识点和竞赛题结合起来
陈根,¥34.90,¥69.80, ChatGPT: 读懂人工智能新纪元, ChatGPT: 读懂人工智能新纪元 
高远,¥158.00,¥316.00, 修订版KK三部曲：必然+失控+科技想要什么（套装共3册）, 修订版KK三部曲：必然+失控+科技想要什么（套装共3册） 观察 《失控》 反思《科技想要什么》 展望《必然》早阅读一天，就让你在互联网时代先行一步
李雷,¥49.50,¥99.00, Rhino 8.0中文版完全自学一本通, Rhino 8.0中文版完全自学一本通 “完全自学一本通”系列图书畅销十年累计超80万册。Rhino8.0宝典，一学就会的Rhino高手宝典，初学者快速入门书籍.
IT新时代教育,¥34.90,¥69.80, Excel高效办公应用与技巧大全第2版 excel高效办公数据处理与分析 excel图表之道 excel函数与公式 ex, Excel高效办公应用与技巧大全第2版 excel高效办公数据处理与分析 excel图表之道 excel函数与公式 ex 
谷哥,¥39.00,¥78.00, 人工智能 AI绘画从入门到精通：文案+绘画+摄影+电商广告制作, 人工智能 AI绘画从入门到精通：文案+绘画+摄影+电商广告制作 人工智能 AI绘画从入门到精通 文案 摄影 电商广告制作 AI绘画教程书 Midjourney关键词prompt描述语技巧 stablediffusion AIGC创作教程 AIGC绘图插画设计摄影视
米夏·戈雷利克,¥59.90,¥119.80, Python高性能编程（第2版）, Python高性能编程（第2版） 找到性能瓶颈，快速提升程序运行速度。程序员宝藏书籍，提升编程、排错效率的利器，了解Python如何抽象底层的计算机体系结构，成为Python高性能编程高手！
胡坤,¥39.00,¥78.00, ANSYS CFD网格划分技术指南, ANSYS CFD网格划分技术指南 跟CAE大神流沙学画网格，掌握ANSYS CFD系列网格划分技巧
雷元,¥39.90,¥79.80, 低代码打造RPA——Power Automate Desktop基础实战, 低代码打造RPA——Power Automate Desktop基础实战 微软MVP详述如何用Power Automate Desktop入门RPA技能，彩色印刷，搭配51节实操视频课程+学习资料+思维导图，手把手帮你打造办公流程自动化，告别繁杂的、重复的、事务性工作！
克里斯琴·内格尔,¥99.00,¥198.00, C#高级编程(第12版), C#高级编程(第12版) Microsoft MVP - Christian Nagel C#新作，内部专家的C#指南，为你带来关于新特性的高级提示。
天工在线,¥44.90,¥89.80, 中文版 LabVIEW 2020 从入门到精通 （实战案例版）（CAD/CAM/CAE微视频讲解大系）labview从零, 中文版 LabVIEW 2020 从入门到精通 （实战案例版）（CAD/CAM/CAE微视频讲解大系）labview从零 中文版LabVIEW 2020从入门到精通 实战案例教程 labview图形化编程宝典 数据采集 信号处理 虚拟仪器设计与应用完全自学书籍
张伟楠,¥44.90,¥89.90, 动手学强化学习, 动手学强化学习 机器学习入门书籍，深度学习人工智能神经网络前端开发，上海交通大学ACM班创始人俞勇教授团队编写，由李航、李沐等多位业内领军人士力荐！
Steven,¥24.00,¥48.00, 四步创业法(客户发展方法开山鼻祖，精益创业理论奠基之作), 四步创业法(客户发展方法开山鼻祖，精益创业理论奠基之作) 
项亮,¥34.90,¥69.80, 推荐系统实践, 推荐系统实践 浪潮之巅作者吴军作序推荐
向晓汉,¥84.00,¥168.00, 老向讲工控--PLC编程手册, 老向讲工控--PLC编程手册 PLC编程大全，西门子PLC编程，三菱PLC编程，欧姆龙PLC编程，S7-1200，S7-1500
楚天,¥49.50,¥99.00, AI短视频生成与制作从入门到精通, AI短视频生成与制作从入门到精通 人工智能AI短视频教程，ChatGPT＋Midjourney＋文心一格＋腾讯智影＋一帧秒创＋Premiere＋剪映电脑版，文生视频+图生视频+视频生成视频＋AI视频制作＋AI视频应用
迈克尔·亚力山大,¥64.00,¥128.00, 中文版Excel 2019高级VBA编程宝典(第9版), 中文版Excel 2019高级VBA编程宝典(第9版) 一站式VBA充电站，借助VBA成为Excel高级用户。 助你从普通数据分析人员华丽蜕变为Excel编程专家。
保罗·J.戴特尔,¥119.00,¥238.00, 学习C++20（中文版）, 学习C++20（中文版） 畅销书持续迭代版本，荟萃C++面向对象程序设计秘笈 。循序渐进，深入浅出，轻松自然地引入面向对象程序设计的概念 。深度聚焦C++20，名师程序员为广大程序员精心设计的专业参考
包子阳,¥29.90,¥59.80, 智能优化算法及其MATLAB实例（第3版）, 智能优化算法及其MATLAB实例（第3版） 
张晶威,¥19.50,¥39.00, 高速电路研发与设计典型故障案例解析 一板成功," 高速电路研发与设计典型故障案例解析 一板成功 聆听一线工程师的硬件案例分享,感受项目实战的真实场景"
贝特西,¥64.00,¥128.00, Google SRE工作手册, Google SRE工作手册 无论你所在公司规模的大小，都可以深入研究这本工作手册，通过学习尝试完善你们自己的SRE实践。
付东来,¥59.50,¥119.00, labuladong的算法笔记, labuladong的算法笔记 GitHub高赞硬核算法教程，Offer收割机带你深研算法，挑战大厂Offer，力扣正式授权，LeetCode练习平台，边看边练
秋叶,¥29.90,¥59.80, 秒懂AI提问：让人工智能成为你的效率神器, 秒懂AI提问：让人工智能成为你的效率神器 精心提炼20种GPT提问方法及指令，从入门到进阶再到精通，100个案例带你玩转GPT，掌握高效AI提问方法，充分发挥GPT威力，好问题才有好答案
郭宏远,¥54.50,¥109.00, Excel数据可视化——从图表到数据大屏, Excel数据可视化——从图表到数据大屏 小红书博主，从零开始教授使用Excel实现数据可视化
拦继元,¥49.50,¥99.00, FreeCAD从入门到综合实战, FreeCAD从入门到综合实战 全程图解，视频教学，FreeCAD制图与建模入门到精通
李德毅,¥22.00,¥49.00, 人工智能导论, 人工智能导论 面向非计算机专业的人工智能入门书籍，新一代信息技术丛书
谷建阳,¥29.90,¥59.80, AI人工智能：发展简史+技术案例+商业应用（第2版）, AI人工智能：发展简史+技术案例+商业应用（第2版） 从1.0到5.0，细说人工智能发展史；从应用领域到产品成果，全面展示人工智能技术；从传统业务到智能互联，布局人工智能产业体系；新增领域应用进展，加强实际应用
明日科技,¥44.90,¥89.80, JavaScript从入门到精通（第5版）, JavaScript从入门到精通（第5版） JavaScript入门经典，42万Web前端程序员的入行选择。配备Web前端开发资源库，在线答疑，学习1小时，训练10小时，从入门到项目上线，打造全新学习生态。
王启明,¥39.90,¥79.80, Docker与Kubernetes容器运维实战, Docker与Kubernetes容器运维实战 帮助读者用最短的时间掌握Docker与K8s运维技能
何国辉,¥44.90,¥89.80, WPS Office高效办公应用与技巧大全（案例·视频）适用2016/2019版 wps完全自学教程从入门到精通新版 流, WPS Office高效办公应用与技巧大全（案例·视频）适用2016/2019版 wps完全自学教程从入门到精通新版 流 
费多尔·G.皮克斯,¥69.50,¥139.00, C++高性能编程, C++高性能编程 本书涉及C++高性能编程的5个重要因素，包括计算硬件、高效使用编程语言、编译器、良好的设计和程序员自身。
基恩,¥39.90,¥79.80, 完全图解计算机网络原理 计算机入门书籍图书 计算机程序设计艺术 深入浅出计算机网络, 完全图解计算机网络原理 计算机入门书籍图书 计算机程序设计艺术 深入浅出计算机网络 一本书涵盖网络基础、网络构成、网络通信语言、网络数据传输、网络安全技术等知识，全面快速了解计算机网络原理。
Peter,¥14.00,¥28.00, GitHub入门, GitHub入门 GitHub培训团队的签约成员新力作
郭建英,¥34.50,¥69.00, 动画视频+全彩图解 道路交通标志标线大全, 动画视频+全彩图解 道路交通标志标线大全 新交规不枯燥，预防驾照扣分，标志标线一本通、彩色图解配套动画演示视频讲解，教学、培训、自学均可
天工在线,¥44.90,¥89.80, 中文版solidworks2022从入门到精通完全自学教程 实战案例+视频教学 机械设计 工程图设计 零件与装配体设计, 中文版solidworks2022从入门到精通完全自学教程 实战案例+视频教学 机械设计 工程图设计 零件与装配体设计 CAD/CAM/CAE专家编写960分钟同步视频讲解手把手教学70个实例案例分析
肖苏华,¥34.50,¥69.00, 机器视觉技术基础, 机器视觉技术基础 零基础机器视觉及应用入门书。HALCON软件应用指南。人工智能学习技术。
周玉姣,¥39.90,¥79.80, 抖音短视频全面精通：拍摄剪辑＋滤镜美化＋字幕特效＋录音配乐＋直播运营, 抖音短视频全面精通：拍摄剪辑＋滤镜美化＋字幕特效＋录音配乐＋直播运营 抖音短视频从小白到大咖！10大章精选专题内容，100多分钟的视频教学，210个素材效果，1000多张步骤操作图片
